2025-12-16 15:39:15 [[32minfo[39m]: 	[32mStored event undefined with 0 tasks and 0 entities[39m
2025-12-16 15:39:58 [[32minfo[39m]: 	[32mStored event undefined with 0 tasks and 0 entities[39m
2025-12-16 15:42:15 [[32minfo[39m]: 	[32mStored event undefined with 0 tasks and 0 entities[39m
2025-12-16 15:42:39 [[32minfo[39m]: 	[32mStored event undefined with 0 tasks and 0 entities[39m
2025-12-16 15:46:50 [[32minfo[39m]: 	[32mStored event undefined with 0 tasks and 0 entities[39m
2025-12-16 15:46:52 [[32minfo[39m]: 	[32mStored event undefined with 0 tasks and 0 entities[39m
2025-12-16 15:47:28 [[32minfo[39m]: 	[32mStored event undefined with 0 tasks and 0 entities[39m
2025-12-16 15:48:24 [[32minfo[39m]: 	[32mStored event undefined with 0 tasks and 0 entities[39m
2025-12-16 15:48:29 [[32minfo[39m]: 	[32mStored event undefined with 0 tasks and 0 entities[39m
2025-12-16 15:50:28 [[32minfo[39m]: 	[32mStored event undefined with 0 tasks and 0 entities[39m
2025-12-16 16:03:41 [[32minfo[39m]: 	[32mStored event undefined with 0 tasks and 0 entities[39m
2025-12-16 16:04:40 [[32minfo[39m]: 	[32mStored event undefined with 0 tasks and 0 entities[39m
2025-12-16 16:05:12 [[32minfo[39m]: 	[32mStored event undefined with 0 tasks and 0 entities[39m
2025-12-16 16:40:24 [[32minfo[39m]: 	[32mStored event undefined with 0 tasks and 0 entities[39m
2025-12-16 16:46:52 [[32minfo[39m]: 	[32mStored event undefined with 0 tasks and 0 entities[39m
2025-12-16 16:47:25 [[32minfo[39m]: 	[32mStored event undefined with 0 tasks and 0 entities[39m
2025-12-16 16:50:38 [[32minfo[39m]: 	[32mStored event undefined with 0 tasks and 0 entities[39m
2025-12-16 16:57:40 [[32minfo[39m]: 	[32mStored event undefined with 0 tasks and 0 entities[39m
2025-12-16 17:28:27 [[32minfo[39m]: 	[32mStored event undefined with 0 tasks and 0 entities[39m
2025-12-16 17:28:28 [[32minfo[39m]: 	[32mStored event undefined with 0 tasks and 0 entities[39m
2025-12-16 17:36:04 [[32minfo[39m]: 	[32mStored event undefined with 0 tasks and 0 entities[39m
2025-12-16 17:37:28 [[32minfo[39m]: 	[32mStored event undefined with 0 tasks and 0 entities[39m
2025-12-16 17:38:06 [[32minfo[39m]: 	[32mStored event undefined with 0 tasks and 0 entities[39m
2025-12-16 17:38:12 [[32minfo[39m]: 	[32mStored event undefined with 0 tasks and 0 entities[39m
2025-12-16 17:41:38 [[32minfo[39m]: 	[32mStored event undefined with 0 tasks and 0 entities[39m
2025-12-16 17:41:43 [[32minfo[39m]: 	[32mStored event undefined with 0 tasks and 0 entities[39m
2025-12-16 17:42:52 [[32minfo[39m]: 	[32mStored event undefined with 0 tasks and 0 entities[39m
2025-12-16 17:47:56 [[32minfo[39m]: 	[32mStored event undefined with 0 tasks and 0 entities[39m
2025-12-16 18:42:16 [[32minfo[39m]: 	[32mStored event undefined with 0 tasks and 0 entities[39m
2025-12-16 18:42:20 [[32minfo[39m]: 	[32mStored event undefined with 0 tasks and 0 entities[39m
2025-12-16 18:42:24 [[32minfo[39m]: 	[32mStored event undefined with 0 tasks and 0 entities[39m
2025-12-16 18:45:27 [[32minfo[39m]: 	[32mStored event undefined with 0 tasks and 0 entities[39m
2025-12-16 20:17:28 [[32minfo[39m]: 	[32mStored event undefined with 0 tasks and 0 entities[39m
2025-12-16 20:22:49 [[32minfo[39m]: 	[32mStored event undefined with 0 tasks and 0 entities[39m
2025-12-16 20:22:53 [[32minfo[39m]: 	[32mStored event undefined with 0 tasks and 0 entities[39m
2025-12-16 20:22:56 [[32minfo[39m]: 	[32mStored event undefined with 0 tasks and 0 entities[39m
2025-12-16 20:23:14 [[32minfo[39m]: 	[32mStored event undefined with 0 tasks and 0 entities[39m
2025-12-16 20:23:34 [[32minfo[39m]: 	[32mStored event undefined with 0 tasks and 0 entities[39m
2025-12-16 20:28:13 [[32minfo[39m]: 	[32mStored event undefined with 0 tasks and 0 entities[39m
2025-12-16 20:32:11 [[32minfo[39m]: 	[32mStored event undefined with 0 tasks and 0 entities[39m
2025-12-16 20:36:48 [[32minfo[39m]: 	[32mStored event undefined with 0 tasks and 0 entities[39m
2025-12-16 20:36:53 [[32minfo[39m]: 	[32mStored event undefined with 0 tasks and 0 entities[39m
2025-12-16 20:45:01 [[32minfo[39m]: 	[32mStored event undefined with 0 tasks and 0 entities[39m
2025-12-16 20:47:48 [[32minfo[39m]: 	[32mStored event undefined with 0 tasks and 0 entities[39m
2025-12-16 20:49:59 [[32minfo[39m]: 	[32mStored event undefined with 0 tasks and 0 entities[39m
2025-12-16 20:52:04 [[32minfo[39m]: 	[32mStored event undefined with 0 tasks and 0 entities[39m
2025-12-16 20:53:05 [[32minfo[39m]: 	[32mStored event undefined with 0 tasks and 0 entities[39m
2025-12-16 20:57:28 [[32minfo[39m]: 	[32mStored event undefined with 0 tasks and 0 entities[39m
2025-12-16 21:00:29 [[32minfo[39m]: 	[32mStored event undefined with 0 tasks and 0 entities[39m
2025-12-16 21:04:04 [[32minfo[39m]: 	[32mStored event undefined with 0 tasks and 0 entities[39m
2025-12-16 21:13:29 [[32minfo[39m]: 	[32mStored event undefined with 0 tasks and 0 entities[39m
2025-12-16 21:13:29 [[32minfo[39m]: 	[32mStored event undefined with 0 tasks and 0 entities[39m
2025-12-16 21:13:31 [[32minfo[39m]: 	[32mStored event undefined with 0 tasks and 0 entities[39m
2025-12-16 21:20:27 [[32minfo[39m]: 	[32mStored event undefined with 0 tasks and 0 entities[39m
2025-12-16 21:29:10 [[32minfo[39m]: 	[32mStored event undefined with 0 tasks and 0 entities[39m
2025-12-16 21:33:56 [[32minfo[39m]: 	[32mStored event undefined with 0 tasks and 0 entities[39m
2025-12-16 21:34:17 [[32minfo[39m]: 	[32mStored event undefined with 0 tasks and 0 entities[39m
2025-12-16 21:34:30 [[32minfo[39m]: 	[32mStored event undefined with 0 tasks and 0 entities[39m
2025-12-16 21:34:36 [[32minfo[39m]: 	[32mStored event undefined with 0 tasks and 0 entities[39m
2025-12-16 21:34:46 [[32minfo[39m]: 	[32mStored event undefined with 0 tasks and 0 entities[39m
2025-12-16 21:43:57 [[32minfo[39m]: 	[32mStored event undefined with 0 tasks and 0 entities[39m
2025-12-16 21:44:37 [[32minfo[39m]: 	[32mStored event undefined with 0 tasks and 0 entities[39m
2025-12-16 21:46:02 [[32minfo[39m]: 	[32mStored event undefined with 0 tasks and 0 entities[39m
2025-12-16 21:47:52 [[32minfo[39m]: 	[32mStored event undefined with 0 tasks and 0 entities[39m
2025-12-16 21:56:35 [[32minfo[39m]: 	[32mStored event undefined with 0 tasks and 0 entities[39m
2025-12-16 21:57:39 [[32minfo[39m]: 	[32mStored event undefined with 0 tasks and 0 entities[39m
2025-12-16 21:59:02 [[32minfo[39m]: 	[32mStored event undefined with 0 tasks and 0 entities[39m
2025-12-16 21:59:59 [[32minfo[39m]: 	[32mStored event undefined with 0 tasks and 0 entities[39m
2025-12-16 22:00:43 [[32minfo[39m]: 	[32mStored event undefined with 0 tasks and 0 entities[39m
2025-12-16 22:01:00 [[32minfo[39m]: 	[32mStored event undefined with 0 tasks and 0 entities[39m
2025-12-16 22:03:41 [[32minfo[39m]: 	[32mStored event undefined with 0 tasks and 0 entities[39m
2025-12-16 22:04:02 [[32minfo[39m]: 	[32mStored event undefined with 0 tasks and 0 entities[39m
2025-12-17 12:15:29 [[32minfo[39m]: 	[32mStored event undefined with 0 tasks and 0 entities[39m
2025-12-17 12:15:59 [[32minfo[39m]: 	[32mStored event undefined with 0 tasks and 0 entities[39m
2025-12-17 12:16:10 [[32minfo[39m]: 	[32mStored event undefined with 0 tasks and 0 entities[39m
2025-12-17 12:16:18 [[32minfo[39m]: 	[32mStored event undefined with 0 tasks and 0 entities[39m
2025-12-17 12:25:14 [[32minfo[39m]: 	[32mStored event undefined with 0 tasks and 0 entities[39m
2025-12-17 12:25:14 [[32minfo[39m]: 	[32mStored event undefined with 0 tasks and 0 entities[39m
2025-12-17 12:25:15 [[32minfo[39m]: 	[32mStored event undefined with 0 tasks and 0 entities[39m
2025-12-17 12:25:29 [[32minfo[39m]: 	[32mStored event undefined with 0 tasks and 0 entities[39m
2025-12-17 12:25:37 [[32minfo[39m]: 	[32mStored event undefined with 0 tasks and 0 entities[39m
2025-12-17 12:25:38 [[32minfo[39m]: 	[32mStored event undefined with 0 tasks and 0 entities[39m
2025-12-17 12:27:45 [[32minfo[39m]: 	[32mStored event undefined with 0 tasks and 0 entities[39m
2025-12-17 12:28:39 [[32minfo[39m]: 	[32mStored event undefined with 0 tasks and 0 entities[39m
2025-12-17 12:30:14 [[32minfo[39m]: 	[32mStored event undefined with 0 tasks and 0 entities[39m
2025-12-17 12:32:44 [[32minfo[39m]: 	[32mStored event undefined with 0 tasks and 0 entities[39m
2025-12-17 12:45:43 [[32minfo[39m]: 	[32mStored event undefined with 0 tasks and 0 entities[39m
2025-12-17 12:45:50 [[32minfo[39m]: 	[32mStored event undefined with 0 tasks and 0 entities[39m
2025-12-17 12:49:51 [[32minfo[39m]: 	[32mStored event undefined with 0 tasks and 0 entities[39m
2025-12-17 12:50:49 [[32minfo[39m]: 	[32mStored event undefined with 0 tasks and 0 entities[39m
2025-12-17 12:50:53 [[32minfo[39m]: 	[32mStored event undefined with 0 tasks and 0 entities[39m
2025-12-17 12:50:58 [[32minfo[39m]: 	[32mStored event undefined with 0 tasks and 0 entities[39m
2025-12-17 12:51:03 [[32minfo[39m]: 	[32mStored event undefined with 0 tasks and 0 entities[39m
2025-12-17 12:59:07 [[32minfo[39m]: 	[32mStored event undefined with 0 tasks and 0 entities[39m
2025-12-17 12:59:09 [[32minfo[39m]: 	[32mStored event undefined with 0 tasks and 0 entities[39m
2025-12-17 13:12:03 [[32minfo[39m]: 	[32mStored event undefined with 0 tasks and 0 entities[39m
2025-12-17 13:12:44 [[32minfo[39m]: 	[32mStored event undefined with 0 tasks and 0 entities[39m
2025-12-17 13:14:05 [[32minfo[39m]: 	[32mStored event undefined with 0 tasks and 0 entities[39m
2025-12-17 13:14:09 [[32minfo[39m]: 	[32mStored event undefined with 0 tasks and 0 entities[39m
2025-12-17 13:14:58 [[32minfo[39m]: 	[32mStored event undefined with 0 tasks and 0 entities[39m
2025-12-17 13:20:42 [[32minfo[39m]: 	[32mStored event undefined with 0 tasks and 0 entities[39m
2025-12-17 13:22:56 [[32minfo[39m]: 	[32mStored event undefined with 0 tasks and 0 entities[39m
2025-12-17 13:23:04 [[32minfo[39m]: 	[32mStored event undefined with 0 tasks and 0 entities[39m
2025-12-17 13:23:45 [[32minfo[39m]: 	[32mStored event undefined with 0 tasks and 0 entities[39m
2025-12-17 13:25:25 [[32minfo[39m]: 	[32mStored event undefined with 0 tasks and 0 entities[39m
2025-12-17 13:27:29 [[32minfo[39m]: 	[32mStored event undefined with 0 tasks and 0 entities[39m
2025-12-17 13:27:35 [[32minfo[39m]: 	[32mStored event undefined with 0 tasks and 0 entities[39m
2025-12-17 13:29:03 [[32minfo[39m]: 	[32mStored event undefined with 0 tasks and 0 entities[39m
2025-12-17 13:38:19 [[32minfo[39m]: 	[32mStored event undefined with 0 tasks and 0 entities[39m
2025-12-17 13:38:19 [[32minfo[39m]: 	[32mStored event undefined with 0 tasks and 0 entities[39m
2025-12-17 13:38:24 [[32minfo[39m]: 	[32mStored event undefined with 0 tasks and 0 entities[39m
2025-12-17 13:38:30 [[32minfo[39m]: 	[32mStored event undefined with 0 tasks and 0 entities[39m
2025-12-17 13:38:37 [[32minfo[39m]: 	[32mStored event undefined with 0 tasks and 0 entities[39m
2025-12-17 13:38:41 [[32minfo[39m]: 	[32mStored event undefined with 0 tasks and 0 entities[39m
2025-12-17 13:38:47 [[32minfo[39m]: 	[32mStored event undefined with 0 tasks and 0 entities[39m
2025-12-17 13:38:50 [[32minfo[39m]: 	[32mStored event undefined with 0 tasks and 0 entities[39m
2025-12-17 13:46:56 [[32minfo[39m]: 	[32mStored event undefined with 0 tasks and 0 entities[39m
2025-12-17 13:46:56 [[32minfo[39m]: 	[32mStored event undefined with 0 tasks and 0 entities[39m
2025-12-17 13:46:57 [[32minfo[39m]: 	[32mStored event undefined with 0 tasks and 0 entities[39m
2025-12-17 13:47:54 [[32minfo[39m]: 	[32mStored event undefined with 0 tasks and 0 entities[39m
2025-12-17 13:47:59 [[32minfo[39m]: 	[32mStored event undefined with 0 tasks and 0 entities[39m
2025-12-17 13:49:04 [[32minfo[39m]: 	[32mStored event undefined with 0 tasks and 0 entities[39m
2025-12-17 16:20:11 [[32minfo[39m]: 	[32mStored event undefined with 0 tasks and 0 entities[39m
2025-12-17 16:20:11 [[32minfo[39m]: 	[32mStored event undefined with 0 tasks and 0 entities[39m
2025-12-17 16:20:11 [[32minfo[39m]: 	[32mStored event undefined with 0 tasks and 0 entities[39m
2025-12-17 16:20:41 [[32minfo[39m]: 	[32mStored event undefined with 0 tasks and 0 entities[39m
2025-12-17 16:20:48 [[32minfo[39m]: 	[32mStored event undefined with 0 tasks and 0 entities[39m
2025-12-17 16:20:52 [[32minfo[39m]: 	[32mStored event undefined with 0 tasks and 0 entities[39m
2025-12-17 16:21:49 [[32minfo[39m]: 	[32mStored event undefined with 0 tasks and 0 entities[39m
2025-12-17 16:22:03 [[32minfo[39m]: 	[32mStored event undefined with 0 tasks and 0 entities[39m
2025-12-17 16:24:07 [[32minfo[39m]: 	[32mStored event undefined with 0 tasks and 0 entities[39m
2025-12-17 16:24:07 [[32minfo[39m]: 	[32mStored event undefined with 0 tasks and 0 entities[39m
2025-12-17 16:24:26 [[32minfo[39m]: 	[32mStored event undefined with 0 tasks and 0 entities[39m
2025-12-17 16:24:42 [[32minfo[39m]: 	[32mStored event undefined with 0 tasks and 0 entities[39m
2025-12-17 16:27:15 [[32minfo[39m]: 	[32mStored event undefined with 0 tasks and 0 entities[39m
2025-12-17 16:27:38 [[32minfo[39m]: 	[32mStored event undefined with 0 tasks and 0 entities[39m
2025-12-17 16:28:02 [[32minfo[39m]: 	[32mStored event undefined with 0 tasks and 0 entities[39m
2025-12-17 16:30:19 [[32minfo[39m]: 	[32mStored event undefined with 0 tasks and 0 entities[39m
2025-12-17 16:30:23 [[32minfo[39m]: 	[32mStored event undefined with 0 tasks and 0 entities[39m
2025-12-17 16:30:46 [[32minfo[39m]: 	[32mStored event undefined with 0 tasks and 0 entities[39m
2025-12-17 16:30:50 [[32minfo[39m]: 	[32mStored event undefined with 0 tasks and 0 entities[39m
2025-12-17 16:31:50 [[32minfo[39m]: 	[32mStored event undefined with 0 tasks and 0 entities[39m
2025-12-17 16:32:06 [[32minfo[39m]: 	[32mStored event undefined with 0 tasks and 0 entities[39m
2025-12-17 16:32:10 [[32minfo[39m]: 	[32mStored event undefined with 0 tasks and 0 entities[39m
2025-12-17 16:44:30 [[32minfo[39m]: 	[32mStored event undefined with 0 tasks and 0 entities[39m
2025-12-17 16:45:54 [[32minfo[39m]: 	[32mStored event undefined with 0 tasks and 0 entities[39m
2025-12-17 16:46:20 [[32minfo[39m]: 	[32mStored event undefined with 0 tasks and 0 entities[39m
2025-12-17 16:46:26 [[32minfo[39m]: 	[32mStored event undefined with 0 tasks and 0 entities[39m
2025-12-17 16:47:17 [[32minfo[39m]: 	[32mStored event undefined with 0 tasks and 0 entities[39m
2025-12-17 16:47:20 [[32minfo[39m]: 	[32mStored event undefined with 0 tasks and 0 entities[39m
2025-12-17 16:47:41 [[32minfo[39m]: 	[32mStored event undefined with 0 tasks and 0 entities[39m
2025-12-17 16:47:47 [[32minfo[39m]: 	[32mStored event undefined with 0 tasks and 0 entities[39m
2025-12-17 16:48:03 [[32minfo[39m]: 	[32mStored event undefined with 0 tasks and 0 entities[39m
2025-12-17 16:48:48 [[32minfo[39m]: 	[32mStored event undefined with 0 tasks and 0 entities[39m
2025-12-17 16:49:18 [[32minfo[39m]: 	[32mStored event undefined with 0 tasks and 0 entities[39m
2025-12-17 16:49:21 [[32minfo[39m]: 	[32mStored event undefined with 0 tasks and 0 entities[39m
2025-12-17 16:50:13 [[32minfo[39m]: 	[32mStored event undefined with 0 tasks and 0 entities[39m
2025-12-17 16:50:21 [[32minfo[39m]: 	[32mStored event undefined with 0 tasks and 0 entities[39m
2025-12-17 16:51:14 [[32minfo[39m]: 	[32mStored event undefined with 0 tasks and 0 entities[39m
2025-12-17 16:51:32 [[32minfo[39m]: 	[32mStored event undefined with 0 tasks and 0 entities[39m
2025-12-17 16:51:59 [[32minfo[39m]: 	[32mStored event undefined with 0 tasks and 0 entities[39m
2025-12-17 17:02:15 [[32minfo[39m]: 	[32mStored event undefined with 0 tasks and 0 entities[39m
2025-12-17 17:03:21 [[32minfo[39m]: 	[32mStored event undefined with 0 tasks and 0 entities[39m
2025-12-17 17:04:42 [[32minfo[39m]: 	[32mStored event undefined with 0 tasks and 0 entities[39m
2025-12-17 17:04:43 [[32minfo[39m]: 	[32mStored event undefined with 0 tasks and 0 entities[39m
2025-12-17 17:04:46 [[32minfo[39m]: 	[32mStored event undefined with 0 tasks and 0 entities[39m
2025-12-17 17:05:07 [[32minfo[39m]: 	[32mStored event undefined with 0 tasks and 0 entities[39m
2025-12-17 17:06:21 [[32minfo[39m]: 	[32mStored event undefined with 0 tasks and 0 entities[39m
2025-12-17 17:06:26 [[32minfo[39m]: 	[32mStored event undefined with 0 tasks and 0 entities[39m
2025-12-17 17:08:53 [[32minfo[39m]: 	[32mStored event undefined with 0 tasks and 0 entities[39m
2025-12-17 17:09:02 [[32minfo[39m]: 	[32mStored event undefined with 0 tasks and 0 entities[39m
2025-12-17 17:15:30 [[32minfo[39m]: 	[32mStored event undefined with 0 tasks and 0 entities for user login_1765987470322[39m
2025-12-17 17:15:35 [[32minfo[39m]: 	[32mStored event undefined with 0 tasks and 0 entities for user login_1765987470322[39m
2025-12-17 17:16:34 [[32minfo[39m]: 	[32mStored event undefined with 0 tasks and 0 entities for user user[39m
2025-12-17 17:16:35 [[32minfo[39m]: 	[32mStored event undefined with 0 tasks and 0 entities for user user[39m
2025-12-17 17:18:06 [[32minfo[39m]: 	[32mStored event undefined with 0 tasks and 0 entities for user user[39m
2025-12-17 17:18:23 [[32minfo[39m]: 	[32mStored event undefined with 0 tasks and 0 entities for user user[39m
2025-12-17 17:18:47 [[32minfo[39m]: 	[32mStored event undefined with 0 tasks and 0 entities for user login_1765988292402[39m
2025-12-17 17:19:15 [[32minfo[39m]: 	[32mStored event undefined with 0 tasks and 0 entities for user login_1765988292402[39m
2025-12-17 17:19:20 [[32minfo[39m]: 	[32mStored event undefined with 0 tasks and 0 entities for user login_1765988292402[39m
2025-12-17 17:19:35 [[32minfo[39m]: 	[32mStored event undefined with 0 tasks and 0 entities for user login_1765988292402[39m
2025-12-17 17:19:55 [[32minfo[39m]: 	[32mStored event undefined with 0 tasks and 0 entities for user login_1765988292402[39m
2025-12-17 17:20:12 [[32minfo[39m]: 	[32mStored event undefined with 0 tasks and 0 entities for user login_1765988292402[39m
2025-12-17 17:20:18 [[32minfo[39m]: 	[32mStored event undefined with 0 tasks and 0 entities for user login_1765988292402[39m
2025-12-17 17:26:26 [[32minfo[39m]: 	[32mStored event f36776af-4465-421c-90c4-736a5c2ff90a with 0 tasks and 0 entities for user login_1765988292402[39m
2025-12-17 17:34:49 [[32minfo[39m]: 	[32mStored event d2cc7ba4-3c47-467b-b1cf-aa41905fa41f with 0 tasks and 0 entities for user user[39m
2025-12-17 17:35:31 [[32minfo[39m]: 	[32mStored event 70730e8c-020f-4597-b67d-f818e7d159f1 with 0 tasks and 0 entities for user user[39m
2025-12-17 17:38:45 [[32minfo[39m]: 	[32mStored event 59058fb9-382f-42f7-83bc-1702ce2417c6 with 0 tasks and 0 entities for user user[39m
2025-12-17 17:38:51 [[32minfo[39m]: 	[32mStored event e9c46aab-de88-475c-9310-9b20f99a779d with 0 tasks and 0 entities for user user[39m
2025-12-17 17:50:54 [[32minfo[39m]: 	[32mStored event 35c6b44c-4fdf-48a8-a115-b46e7d4f67bc with 0 tasks and 0 entities for user login_1765988292402[39m
2025-12-17 17:56:15 [[32minfo[39m]: 	[32mStored event 6be8eea2-27f7-4794-a43a-919c21715d07 with 0 tasks and 0 entities for user login_1765988292402[39m
2025-12-17 18:11:27 [[32minfo[39m]: 	[32mStored event 4ba90688-d595-4d29-9146-153e2627b4c4 with 0 tasks and 0 entities for user login_1765988292402[39m
2025-12-17 18:12:26 [[32minfo[39m]: 	[32mStored event 60f5f348-af7e-48a9-9dfc-4881a820add7 with 0 tasks and 0 entities for user login_1765988292402[39m
2025-12-17 18:13:21 [[32minfo[39m]: 	[32mStored event 700d4276-ba72-467e-8252-2a37c648ad8a with 0 tasks and 0 entities for user login_1765988292402[39m
2025-12-17 18:14:52 [[32minfo[39m]: 	[32mStored event 09048b13-bfc7-4094-9f95-37ce0c1a44bb with 0 tasks and 0 entities for user login_1765988292402[39m
2025-12-17 18:29:48 [[32minfo[39m]: 	[32mStored event a8f3b3c8-2901-4455-9c89-27c5cca73c8d with 0 tasks and 0 entities for user login_1765988292402[39m
2025-12-17 18:30:09 [[32minfo[39m]: 	[32mStored event a0e2c875-8419-410b-8569-dcb1bc0ac0a0 with 0 tasks and 0 entities for user login_1765988292402[39m
2025-12-17 18:31:24 [[32minfo[39m]: 	[32mStored event 2ef47d1b-a194-4c5e-8d96-02f2343421f9 with 0 tasks and 0 entities for user login_1765988292402[39m
2025-12-17 18:35:02 [[32minfo[39m]: 	[32mStored event 03e38822-f907-41f5-b85b-9daad5ae01f9 with 0 tasks and 0 entities for user login_1765988292402[39m
2025-12-17 18:41:34 [[32minfo[39m]: 	[32mStored event db16fc9c-185d-427d-8ffd-84301e4599ac with 0 tasks and 0 entities for user login_1765988292402[39m
2025-12-17 18:41:46 [[32minfo[39m]: 	[32mStored event 3c1d4030-1fee-433d-a432-3f3afb379079 with 0 tasks and 0 entities for user login_1765988292402[39m
2025-12-17 18:42:26 [[32minfo[39m]: 	[32mStored event f8969ee3-92ba-4369-bd02-b6bb4fd01646 with 0 tasks and 0 entities for user login_1765988292402[39m
2025-12-17 18:43:09 [[32minfo[39m]: 	[32mStored event edd25a4f-a430-41e3-a3c6-15cea3e71de8 with 0 tasks and 0 entities for user login_1765988292402[39m
2025-12-17 18:48:16 [[32minfo[39m]: 	[32mStored event 816c8444-1872-4c06-a0fa-85600f32a246 with 0 tasks and 0 entities for user login_1765988292402[39m
2025-12-17 19:09:46 [[32minfo[39m]: 	[32mStored event 5ad2f4e1-6469-4d2d-9e08-031bab368407 with 0 tasks and 0 entities for user login_1765988292402[39m
2025-12-17 19:51:29 [[32minfo[39m]: 	[32mStored event 758b2967-bd7f-4f81-b695-9ba8d0fc3703 with 0 tasks and 0 entities for user login_1765988292402[39m
2025-12-17 19:51:33 [[32minfo[39m]: 	[32mStored event 120d2b00-6365-41ae-a13c-c3d1c3542f4e with 0 tasks and 0 entities for user login_1765988292402[39m
2025-12-17 19:59:50 [[32minfo[39m]: 	[32mStored event 408502d8-b00a-4954-8a20-907921a0a5f1 with 0 tasks and 0 entities for user login_1765988292402[39m
2025-12-17 20:03:01 [[32minfo[39m]: 	[32mStored event a497f1be-c9e2-4e33-9741-5d6173a99fd3 with 0 tasks and 0 entities for user login_1765988292402[39m
2025-12-17 20:03:17 [[32minfo[39m]: 	[32mStored event 4ee7d626-538e-459a-8f74-d18fd2bcec63 with 0 tasks and 0 entities for user login_1765988292402[39m
2025-12-17 20:03:44 [[32minfo[39m]: 	[32mStored event 4a210439-9cfd-4031-a948-fd6ad62bbf75 with 0 tasks and 0 entities for user login_1765988292402[39m
2025-12-17 20:03:48 [[32minfo[39m]: 	[32mStored event f6b5f6c3-d1d8-4313-8f9a-a9a9c02af668 with 0 tasks and 0 entities for user login_1765988292402[39m
2025-12-17 20:04:03 [[32minfo[39m]: 	[32mStored event 6f59ce60-4787-4a28-85d5-8adc0f10c4ab with 0 tasks and 0 entities for user login_1765988292402[39m
2025-12-17 20:04:22 [[32minfo[39m]: 	[32mStored event 9c85b69f-45ea-4895-adc5-414523af9fcb with 0 tasks and 0 entities for user login_1765988292402[39m
2025-12-17 20:04:53 [[32minfo[39m]: 	[32mStored event 7e5dbcfa-9aab-4fa6-a918-34497636e985 with 0 tasks and 0 entities for user login_1765988292402[39m
2025-12-17 20:05:10 [[32minfo[39m]: 	[32mStored event 25f12bbf-0588-43a0-a55d-0e238f986d42 with 0 tasks and 0 entities for user login_1765988292402[39m
2025-12-17 20:05:22 [[32minfo[39m]: 	[32mStored event 7206239a-299a-4ccc-a2e7-d515dc27a796 with 0 tasks and 0 entities for user login_1765988292402[39m
2025-12-17 20:05:43 [[32minfo[39m]: 	[32mStored event 4ce38bd3-5f3f-4cb6-8efb-74795a45d438 with 0 tasks and 0 entities for user login_1765988292402[39m
2025-12-17 20:05:56 [[32minfo[39m]: 	[32mStored event 681ebccf-0a16-4ab2-b56b-0edff4162858 with 0 tasks and 0 entities for user login_1765988292402[39m
2025-12-17 20:06:00 [[32minfo[39m]: 	[32mStored event 2246ebbe-f07e-4c49-a925-2626767e14be with 0 tasks and 0 entities for user login_1765988292402[39m
2025-12-17 20:06:09 [[32minfo[39m]: 	[32mStored event de47feb3-5707-4b81-ab9b-39f8bd90c732 with 0 tasks and 0 entities for user login_1765988292402[39m
2025-12-17 20:06:13 [[32minfo[39m]: 	[32mStored event 09abef78-dd81-4f4b-85d3-b0a60a63fec0 with 0 tasks and 0 entities for user login_1765988292402[39m
2025-12-17 20:06:38 [[32minfo[39m]: 	[32mStored event 8edf4fb7-d4e5-4079-8968-64c491c244d8 with 0 tasks and 0 entities for user login_1765988292402[39m
2025-12-17 20:06:39 [[32minfo[39m]: 	[32mStored event 6758107b-1d90-4827-a923-b4358c5ca742 with 0 tasks and 0 entities for user login_1765988292402[39m
2025-12-17 20:07:04 [[32minfo[39m]: 	[32mStored event 23a30942-53c5-4592-823b-58eb37a1cdfb with 0 tasks and 0 entities for user login_1765988292402[39m
2025-12-17 20:07:25 [[32minfo[39m]: 	[32mStored event 4339b458-76ea-48a9-80b7-670fcbf1ebdf with 0 tasks and 0 entities for user login_1765988292402[39m
2025-12-17 20:10:55 [[32minfo[39m]: 	[32mStored event 6d672d1f-0a5a-4749-9d98-4d1f713612ab with 0 tasks and 0 entities for user login_1765988292402[39m
2025-12-17 20:11:00 [[32minfo[39m]: 	[32mStored event 87d3233d-9d9a-4a8c-bd02-652ecc99fffb with 0 tasks and 0 entities for user login_1765988292402[39m
2025-12-17 20:13:43 [[32minfo[39m]: 	[32mStored event a5de0b56-8991-4c0d-b355-f3aa30d67f66 with 0 tasks and 0 entities for user login_1765988292402[39m
2025-12-17 20:21:33 [[32minfo[39m]: 	[32mStored event 45336527-3f00-4890-a3a7-4ef7e2201c95 with 0 tasks and 0 entities for user login_1765988292402[39m
2025-12-17 20:21:40 [[32minfo[39m]: 	[32mStored event 0088bab0-2d9e-482d-b000-b7a7397683ae with 0 tasks and 0 entities for user login_1765988292402[39m
2025-12-17 20:21:44 [[32minfo[39m]: 	[32mStored event cec7ff35-24e4-424e-acff-cc3f5e88e438 with 0 tasks and 0 entities for user login_1765988292402[39m
2025-12-17 20:22:06 [[32minfo[39m]: 	[32mStored event b6e712ef-f406-485e-8b9e-a80ceba9eb92 with 0 tasks and 0 entities for user login_1765988292402[39m
2025-12-17 20:22:12 [[32minfo[39m]: 	[32mStored event 279bf7de-d054-410a-9a61-c3568dc01f5b with 0 tasks and 0 entities for user login_1765988292402[39m
2025-12-17 21:56:23 [[32minfo[39m]: 	[32mStored event 5bc8367e-9b35-49e4-9b4d-7ad97d83c51c with 0 tasks and 0 entities for user login_1765988292402[39m
2025-12-17 21:58:40 [[32minfo[39m]: 	[32mStored event 7ffbf5be-917c-4fd1-81b5-4710b8c284dd with 0 tasks and 0 entities for user login_1765988292402[39m
2025-12-17 22:07:31 [[32minfo[39m]: 	[32mStored event 02cf9879-b30d-4ecc-a62e-2c201e3ffdbe with 0 tasks and 0 entities for user login_1765988292402[39m
2025-12-17 22:08:39 [[32minfo[39m]: 	[32mStored event 6dade3bd-c174-44e0-bfb8-6686973ba95e with 0 tasks and 0 entities for user login_1765988292402[39m
2025-12-17 22:11:21 [[32minfo[39m]: 	[32mStored event 6f0da163-2e81-4646-8562-ba095637b8a8 with 0 tasks and 0 entities for user login_1765988292402[39m
2025-12-17 22:11:28 [[32minfo[39m]: 	[32mStored event c6f86266-3851-4d97-ace1-e042875b3525 with 0 tasks and 0 entities for user login_1765988292402[39m
2025-12-17 22:19:26 [[32minfo[39m]: 	[32mStored event 0107617b-13ac-4bfc-a5c5-cd59842469e3 with 0 tasks and 0 entities for user login_1765988292402[39m
2025-12-18 00:43:42 [[32minfo[39m]: 	[32mStored event a49cbce9-d8fb-44c2-814a-22dfac892cf2 with 0 tasks and 0 entities for user login_1765988292402[39m
2025-12-18 00:45:44 [[32minfo[39m]: 	[32mStored event d0fd20d9-ff01-48fe-a8c4-1115f36fba18 with 0 tasks and 0 entities for user login_1765988292402[39m
2025-12-18 00:51:24 [[32minfo[39m]: 	[32mStored event 266b18ee-ceb2-411b-9c3c-0014103f4fed with 0 tasks and 0 entities for user login_1765988292402[39m
2025-12-18 00:51:33 [[32minfo[39m]: 	[32mStored event c1738d42-856f-4ec1-a519-630eac5eb1a9 with 0 tasks and 0 entities for user login_1765988292402[39m
2025-12-18 00:51:43 [[32minfo[39m]: 	[32mStored event 9002bd10-f459-4659-956a-d44eb19989f2 with 0 tasks and 0 entities for user login_1765988292402[39m
2025-12-18 01:00:32 [[32minfo[39m]: 	[32mStored event b50a1d1f-195e-4816-b0a0-861e8b1a5884 with 0 tasks and 0 entities for user login_1765988292402[39m
2025-12-18 10:06:23 [[32minfo[39m]: 	[32mStored event 7830d158-0d89-47e9-b120-b0fd7d159895 with 0 tasks and 0 entities for user login_1765988292402[39m
2025-12-18 10:06:23 [[32minfo[39m]: 	[32mStored event d10dcdbc-4f52-40fd-bf03-e7f533748754 with 0 tasks and 0 entities for user login_1765988292402[39m
2025-12-18 10:07:29 [[32minfo[39m]: 	[32mStored event 1dd75368-795a-45bc-98f6-6188547ad668 with 0 tasks and 0 entities for user login_1765988292402[39m
2025-12-18 10:07:31 [[32minfo[39m]: 	[32mStored event eab1d397-96cb-4cbb-a396-52dbc6eb6372 with 0 tasks and 0 entities for user login_1765988292402[39m
2025-12-18 10:07:51 [[32minfo[39m]: 	[32mStored event d2841c33-e470-4cb6-9cb2-04719c5fe1c8 with 0 tasks and 0 entities for user login_1765988292402[39m
2025-12-18 10:09:38 [[32minfo[39m]: 	[32mStored event c2d00baf-007a-4b47-bb89-4d989e3f9a30 with 0 tasks and 0 entities for user login_1765988292402[39m
2025-12-18 10:17:12 [[32minfo[39m]: 	[32mStored event c4a58926-c66a-488e-ae25-f42533f820f6 with 0 tasks and 0 entities for user login_1765988292402[39m
2025-12-18 10:24:42 [[32minfo[39m]: 	[32mStored event 79275fa1-6ba7-4436-a83f-b3ae5e0098ba with 0 tasks and 0 entities for user login_1765988292402[39m
2025-12-18 12:07:28 [[32minfo[39m]: 	[32mStored event 2bef378f-29c6-4d49-80a7-488f889516b2 with 0 tasks and 0 entities for user login_1765988292402[39m
2025-12-18 12:07:34 [[32minfo[39m]: 	[32mStored event 58577ee6-bd71-4bb8-ac05-c3b938a487dc with 0 tasks and 0 entities for user login_1765988292402[39m
2025-12-18 12:07:37 [[32minfo[39m]: 	[32mStored event 4a23b1ad-5df4-4206-b739-96dd0c307dff with 0 tasks and 0 entities for user login_1765988292402[39m
2025-12-18 12:07:37 [[32minfo[39m]: 	[32mStored event 85704745-b3bb-40b7-9e90-84e7df8a4811 with 0 tasks and 0 entities for user login_1765988292402[39m
2025-12-18 12:14:17 [[32minfo[39m]: 	[32mStored event 0b77c4b0-5def-4f6c-a6c9-ec75df2ed821 with 0 tasks and 0 entities for user login_1765988292402[39m
2025-12-18 12:14:37 [[32minfo[39m]: 	[32mStored event d2b3b951-367b-433d-a980-7c4d60b40178 with 0 tasks and 0 entities for user login_1765988292402[39m
2025-12-18 12:17:27 [[32minfo[39m]: 	[32mStored event ed9b0c98-5c8e-499c-b5b9-e653eaf3b487 with 0 tasks and 0 entities for user login_1765988292402[39m
2025-12-19 06:31:14 [[32minfo[39m]: 	[32mStored event 7bc17f8c-91b5-47cb-bec7-98a504e66497 with 0 tasks and 0 entities for user login_1765988292402[39m
2025-12-19 06:31:31 [[32minfo[39m]: 	[32mStored event 67513c69-afe1-46db-be8a-97df16e2c9c1 with 0 tasks and 0 entities for user login_1765988292402[39m
2025-12-19 06:37:41 [[32minfo[39m]: 	[32mStored event a47583a7-b703-49a6-b128-1420f16e67d8 with 0 tasks and 0 entities for user login_1765988292402[39m
2025-12-19 06:37:42 [[32minfo[39m]: 	[32mStored event 15164dfc-0b86-4957-892b-7fd53f47e64c with 0 tasks and 0 entities for user login_1765988292402[39m
2025-12-19 06:38:03 [[32minfo[39m]: 	[32mStored event 745abd54-0ca4-4b52-b94b-5ccb89490c0a with 0 tasks and 0 entities for user login_1765988292402[39m
2025-12-19 06:47:20 [[32minfo[39m]: 	[32mStored event 9b685751-d2fc-436f-b25a-34da3c9af38b with 0 tasks and 0 entities for user login_1765988292402[39m
2025-12-19 07:28:06 [[32minfo[39m]: 	[32mStored event d48ef100-66df-45ae-8904-ebbf35c476e3 with 0 tasks and 0 entities for user login_1765988292402[39m
2025-12-19 07:28:17 [[32minfo[39m]: 	[32mStored event 502061a1-26ca-4ff7-b6aa-07b8279a4b55 with 0 tasks and 0 entities for user login_1765988292402[39m
2025-12-19 07:32:25 [[32minfo[39m]: 	[32mStored event 8913ba7d-6812-4f85-9e37-09369b4a6e87 with 0 tasks and 0 entities for user login_1765988292402[39m
2025-12-19 07:32:26 [[32minfo[39m]: 	[32mStored event 995e9764-3cd1-49d2-8721-345013554409 with 0 tasks and 0 entities for user login_1765988292402[39m
2025-12-19 07:32:50 [[32minfo[39m]: 	[32mStored event 2e4d39d0-a53f-4d24-a0e2-2d5e86f7387c with 0 tasks and 0 entities for user login_1765988292402[39m
2025-12-19 07:33:19 [[32minfo[39m]: 	[32mStored event 5bc78e82-0f9d-4c04-9435-03f6862db8c1 with 0 tasks and 0 entities for user login_1765988292402[39m
2025-12-19 07:33:24 [[32minfo[39m]: 	[32mStored event f1147599-bd26-4517-a34a-f82b66e69815 with 0 tasks and 0 entities for user login_1765988292402[39m
2025-12-19 07:34:27 [[32minfo[39m]: 	[32mStored event 8f344cff-15bb-4e82-93d3-3aab13d531e9 with 0 tasks and 0 entities for user login_1765988292402[39m
2025-12-19 07:34:34 [[32minfo[39m]: 	[32mStored event d8515ad0-e467-48c9-a8ad-a6b1537374fa with 0 tasks and 0 entities for user login_1765988292402[39m
2025-12-19 07:34:48 [[32minfo[39m]: 	[32mStored event c6fc41e7-3684-4511-bb83-3276aaea3471 with 0 tasks and 0 entities for user login_1765988292402[39m
2025-12-19 07:34:57 [[32minfo[39m]: 	[32mStored event e5838c64-6457-4cde-881f-7b6d36c0999e with 0 tasks and 0 entities for user login_1765988292402[39m
2025-12-19 07:35:04 [[32minfo[39m]: 	[32mStored event 3538d270-09c2-42ca-a99f-a1700da7f80a with 0 tasks and 0 entities for user login_1765988292402[39m
2025-12-19 07:35:26 [[32minfo[39m]: 	[32mStored event 5e15954d-9acc-4c0f-abe4-103fed9f2d16 with 0 tasks and 0 entities for user login_1765988292402[39m
2025-12-19 07:35:32 [[32minfo[39m]: 	[32mStored event 0b4b9d7c-c414-488c-bc01-3aaa2e267a78 with 0 tasks and 0 entities for user login_1765988292402[39m
2025-12-19 07:35:51 [[32minfo[39m]: 	[32mStored event b18670a0-9525-42d9-ad7f-59c1cbb4d876 with 0 tasks and 0 entities for user login_1765988292402[39m
2025-12-19 07:35:56 [[32minfo[39m]: 	[32mStored event 147a7e58-5208-4ea8-9b97-882f79326f71 with 0 tasks and 0 entities for user login_1765988292402[39m
2025-12-19 07:43:42 [[32minfo[39m]: 	[32mStored event 199cdc5a-f40d-4adf-929c-67bc8b4c78b2 with 0 tasks and 0 entities for user login_1765988292402[39m
2025-12-19 07:43:53 [[32minfo[39m]: 	[32mStored event 36bc2546-74c0-4ccb-85e9-c79a95f397e7 with 0 tasks and 0 entities for user login_1765988292402[39m
2025-12-19 07:44:03 [[32minfo[39m]: 	[32mStored event de07949e-ee4e-43ba-83c1-4440c1641525 with 0 tasks and 0 entities for user login_1765988292402[39m
2025-12-19 07:44:18 [[32minfo[39m]: 	[32mStored event 3105593a-d3cf-4c0a-8c8a-8c464d8d98eb with 0 tasks and 0 entities for user login_1765988292402[39m
2025-12-19 07:44:23 [[32minfo[39m]: 	[32mStored event 10b21f36-fe16-46fe-b76c-37c6456ed90c with 0 tasks and 0 entities for user login_1765988292402[39m
2025-12-19 07:44:54 [[32minfo[39m]: 	[32mStored event afdeab53-d42c-428e-a729-50fd86bfd01e with 0 tasks and 0 entities for user login_1765988292402[39m
2025-12-19 07:44:57 [[32minfo[39m]: 	[32mStored event b7feff23-cded-4668-8613-e7bcf3d5c9ec with 0 tasks and 0 entities for user login_1765988292402[39m
2025-12-19 07:45:28 [[32minfo[39m]: 	[32mStored event 8add7f31-f41a-40df-a6f0-3c76130ce67f with 0 tasks and 0 entities for user login_1765988292402[39m
2025-12-19 07:46:15 [[32minfo[39m]: 	[32mStored event 8c3489d4-6852-40f8-962c-0e9ca6c6bb83 with 0 tasks and 0 entities for user login_1765988292402[39m
2025-12-19 07:46:25 [[32minfo[39m]: 	[32mStored event f00865b0-23ba-43a8-a00b-a0ee6213c9e9 with 0 tasks and 0 entities for user login_1765988292402[39m
2025-12-19 07:46:28 [[32minfo[39m]: 	[32mStored event 760e68c3-74f9-42d0-8903-38b12776eb05 with 0 tasks and 0 entities for user login_1765988292402[39m
2025-12-19 07:46:41 [[32minfo[39m]: 	[32mStored event cea6223b-0aae-4f74-bc3b-839bb524c174 with 0 tasks and 0 entities for user login_1765988292402[39m
2025-12-19 07:46:43 [[32minfo[39m]: 	[32mStored event 28c9c4bb-f261-46d8-a684-d4faa4ac9ab3 with 0 tasks and 0 entities for user login_1765988292402[39m
2025-12-19 07:51:47 [[32minfo[39m]: 	[32mStored event ab1ac524-b9fb-48b5-b291-252528b81d8f with 0 tasks and 0 entities for user login_1765988292402[39m
2025-12-19 07:51:49 [[32minfo[39m]: 	[32mStored event ccf7e6ac-bd98-4fd9-8046-a15b00eb7cba with 0 tasks and 0 entities for user login_1765988292402[39m
2025-12-19 08:14:28 [[32minfo[39m]: 	[32mStored event 26d147a1-ab26-443d-b929-d299d43eaf5e with 0 tasks and 0 entities for user login_1765988292402[39m
2025-12-19 08:30:50 [[32minfo[39m]: 	[32mStored event 54129f2d-e0f6-4efd-884b-c7fe7c9493e7 with 0 tasks and 0 entities for user login_1765988292402[39m
2025-12-19 08:32:13 [[32minfo[39m]: 	[32mStored event c51b7934-3d5c-47e2-8db5-f5350a0ab734 with 0 tasks and 0 entities for user login_1765988292402[39m
2025-12-19 08:32:32 [[32minfo[39m]: 	[32mStored event 8b078341-29c8-467c-9f09-e80ae030b27b with 0 tasks and 0 entities for user login_1765988292402[39m
2025-12-19 08:36:40 [[32minfo[39m]: 	[32mStored event ba1fa2e2-a29d-45ac-a7d4-e36982cd1c0e with 0 tasks and 0 entities for user login_1765988292402[39m
2025-12-19 08:37:21 [[32minfo[39m]: 	[32mStored event 23c28e54-5950-46c4-aa8d-f0d7fcc41561 with 0 tasks and 0 entities for user login_1765988292402[39m
2025-12-19 08:38:22 [[32minfo[39m]: 	[32mStored event f128fa78-c25d-4e87-bb5f-f17754fc10fb with 0 tasks and 0 entities for user login_1765988292402[39m
2025-12-19 08:38:31 [[32minfo[39m]: 	[32mStored event e594f775-e430-45cf-af52-0b27edd6e1a1 with 0 tasks and 0 entities for user login_1765988292402[39m
2025-12-19 08:44:11 [[32minfo[39m]: 	[32mStored event 083c2a11-aa50-4ab9-a210-49e0498cdc68 with 0 tasks and 0 entities for user login_1765988292402[39m
2025-12-19 08:44:15 [[32minfo[39m]: 	[32mStored event 56e609ad-01b3-4b9e-b321-11e5617e3936 with 0 tasks and 0 entities for user login_1765988292402[39m
2025-12-19 08:58:23 [[32minfo[39m]: 	[32mStored event dd375a25-d0c3-4ac0-99db-d099c151cd13 with 0 tasks and 0 entities for user login_1765988292402[39m
2025-12-19 09:00:59 [[32minfo[39m]: 	[32mStored event 995c2010-55c4-4b55-b3c8-5682ce811088 with 0 tasks and 0 entities for user login_1765988292402[39m
2025-12-19 09:08:45 [[32minfo[39m]: 	[32mStored event cd63d62d-3760-4d47-b192-2ac019f47bf3 with 0 tasks and 0 entities for user login_1765988292402[39m
2025-12-19 09:10:10 [[32minfo[39m]: 	[32mStored event 7ab3a320-674f-47d8-b426-5336f513cc5d with 0 tasks and 0 entities for user login_1765988292402[39m
2025-12-19 09:10:16 [[32minfo[39m]: 	[32mStored event da412833-bc5b-48d6-b1c8-57ce63642331 with 0 tasks and 0 entities for user login_1765988292402[39m
2025-12-19 09:10:40 [[32minfo[39m]: 	[32mStored event 9e0f9b55-de9f-46a2-b12e-2219e8e2996a with 0 tasks and 0 entities for user login_1765988292402[39m
2025-12-19 09:11:15 [[32minfo[39m]: 	[32mStored event c4446cd8-53fa-438b-86e9-781fe1971eb8 with 0 tasks and 0 entities for user login_1765988292402[39m
2025-12-19 09:11:51 [[32minfo[39m]: 	[32mStored event ed3f780f-77ab-462b-9c6b-c2ae4b36b1cf with 0 tasks and 0 entities for user login_1765988292402[39m
2025-12-19 09:11:54 [[32minfo[39m]: 	[32mStored event 69a2425b-32c7-4f0a-a08c-abbfb7bf1cb3 with 0 tasks and 0 entities for user login_1765988292402[39m
2025-12-19 09:12:00 [[32minfo[39m]: 	[32mStored event 2d185af1-24c2-49ca-a6a7-55166bfbff76 with 0 tasks and 0 entities for user login_1765988292402[39m
2025-12-19 09:12:14 [[32minfo[39m]: 	[32mStored event 7113bc8a-7408-4da1-8306-7b2fa4a4de52 with 0 tasks and 0 entities for user login_1765988292402[39m
2025-12-19 09:12:36 [[32minfo[39m]: 	[32mStored event 73ada7ca-6b0a-480e-8447-8509b7e63acb with 0 tasks and 0 entities for user login_1765988292402[39m
2025-12-19 09:15:05 [[32minfo[39m]: 	[32mStored event 3646164b-7121-40b1-a78f-17d4e646c6b0 with 0 tasks and 0 entities for user login_1765988292402[39m
2025-12-19 09:15:16 [[32minfo[39m]: 	[32mStored event e5fb6a46-011e-44a6-aeae-5fdb85b27b8b with 0 tasks and 0 entities for user login_1765988292402[39m
2025-12-19 09:15:35 [[32minfo[39m]: 	[32mStored event 6f434900-6600-43db-8824-81e380a9defb with 0 tasks and 0 entities for user login_1765988292402[39m
2025-12-19 09:15:39 [[32minfo[39m]: 	[32mStored event 3e56f9db-be68-42c3-8b3a-bb1a17d4b226 with 0 tasks and 0 entities for user login_1765988292402[39m
2025-12-19 09:20:17 [[32minfo[39m]: 	[32mStored event e05b7369-0d68-4adf-9f27-886a78367dac with 0 tasks and 0 entities for user login_1765988292402[39m
2025-12-19 09:31:29 [[32minfo[39m]: 	[32mStored event 1f8ff5f0-d127-4e4d-bfc0-4db9c3f4f38b with 0 tasks and 0 entities for user login_1765988292402[39m
2025-12-19 09:31:50 [[32minfo[39m]: 	[32mStored event 2b702a26-ce80-4c8c-a73f-906e383efea1 with 0 tasks and 0 entities for user login_1765988292402[39m
2025-12-19 09:31:54 [[32minfo[39m]: 	[32mStored event b5114799-add4-4994-ae63-5b385df7796b with 0 tasks and 0 entities for user login_1765988292402[39m
2025-12-19 09:32:44 [[32minfo[39m]: 	[32mStored event 24a524f8-b2b8-4ec9-b5b1-130fb942ecf1 with 0 tasks and 0 entities for user login_1765988292402[39m
2025-12-19 09:43:49 [[32minfo[39m]: 	[32mStored event 2e20dd59-c6a5-4134-bd98-320a39ea8251 with 0 tasks and 0 entities for user login_1765988292402[39m
2025-12-19 09:46:17 [[32minfo[39m]: 	[32mStored event dddfd0f3-f65f-4162-ab06-7e4f612f96f3 with 0 tasks and 0 entities for user login_1765988292402[39m
2025-12-19 09:46:58 [[32minfo[39m]: 	[32mStored event ef3c5797-29d8-4826-b242-7ac11deb0d1c with 0 tasks and 0 entities for user login_1765988292402[39m
2025-12-19 09:47:33 [[32minfo[39m]: 	[32mStored event f0731ca5-82d5-40c3-860c-44049563e8d3 with 0 tasks and 0 entities for user login_1765988292402[39m
2025-12-19 09:50:37 [[32minfo[39m]: 	[32mStored event fb0a2056-2e46-4197-8548-94799b2be79f with 0 tasks and 0 entities for user login_1765988292402[39m
2025-12-19 09:55:37 [[32minfo[39m]: 	[32mStored event d278397b-ef1d-41b0-9423-74b0712d0b7b with 0 tasks and 0 entities for user login_1765988292402[39m
2025-12-19 10:32:51 [[32minfo[39m]: 	[32mStored event 6369a846-cbea-47a9-a4d4-59dd220ff23b with 0 tasks and 0 entities for user login_1765988292402[39m
2025-12-19 11:58:34 [[32minfo[39m]: 	[32mStored event 4338b83d-a57c-4fcc-9c5a-25b0a4a4d3cf with 0 tasks and 0 entities for user login_1765988292402[39m
2025-12-19 12:03:25 [[32minfo[39m]: 	[32mStored event a0549127-aedb-40eb-98da-a1669c5cec01 with 0 tasks and 0 entities for user login_1765988292402[39m
2025-12-19 12:03:49 [[32minfo[39m]: 	[32mStored event fddef357-4e14-47bf-97e7-1b3b3f9e9321 with 0 tasks and 0 entities for user login_1765988292402[39m
2025-12-19 12:03:57 [[32minfo[39m]: 	[32mStored event e24667a5-62f3-4c35-9efb-496f2f30f1bf with 0 tasks and 0 entities for user login_1765988292402[39m
2025-12-19 12:09:45 [[32minfo[39m]: 	[32mStored event 0f600af7-a86e-4662-9ee1-b7d71b4914eb with 0 tasks and 0 entities for user user[39m
2025-12-19 12:10:06 [[32minfo[39m]: 	[32mStored event d3f5697f-19b5-4b93-9007-7f51d732d7ed with 0 tasks and 0 entities for user user[39m
2025-12-19 12:26:56 [[32minfo[39m]: 	[32mStored event 96b00f90-fe96-4167-9484-61271a685bda with 0 tasks and 0 entities for user login_1765988292402[39m
2025-12-19 12:27:12 [[32minfo[39m]: 	[32mStored event c068a2aa-46a2-4b70-aa83-f54b90a5a925 with 0 tasks and 0 entities for user login_1765988292402[39m
2025-12-19 12:27:13 [[32minfo[39m]: 	[32mStored event b94c9de2-d112-4d24-9acc-12eededc68a7 with 0 tasks and 0 entities for user login_1765988292402[39m
2025-12-19 12:28:05 [[32minfo[39m]: 	[32mStored event 64890bee-b728-469f-8097-1c603ef167b5 with 0 tasks and 0 entities for user login_1765988292402[39m
2025-12-19 12:51:03 [[32minfo[39m]: 	[32mStored event d36918c8-ac76-49e4-8e85-ed0e08fe309c with 0 tasks and 0 entities for user login_1765988292402[39m
2025-12-19 12:51:04 [[32minfo[39m]: 	[32mStored event addad23a-7e4e-4872-96ec-9837abf2d50d with 0 tasks and 0 entities for user login_1765988292402[39m
2025-12-19 12:51:15 [[32minfo[39m]: 	[32mStored event 7afa5234-a6a7-4ac8-a5a8-d3df4cdf4979 with 0 tasks and 0 entities for user login_1765988292402[39m
2025-12-19 12:51:18 [[32minfo[39m]: 	[32mStored event 488540da-4967-4481-92ed-e5a413e5626d with 0 tasks and 0 entities for user login_1765988292402[39m
2025-12-19 12:51:28 [[32minfo[39m]: 	[32mStored event 19eb9361-38f2-46e0-af51-dda4244d038f with 0 tasks and 0 entities for user login_1765988292402[39m
2025-12-19 12:51:32 [[32minfo[39m]: 	[32mStored event ed587a55-5d1e-4f00-8fac-1c1290b43339 with 0 tasks and 0 entities for user login_1765988292402[39m
2025-12-19 12:51:46 [[32minfo[39m]: 	[32mStored event 73f39f52-a80a-4fa2-8fa6-5b86dbe589b9 with 0 tasks and 0 entities for user login_1765988292402[39m
2025-12-19 12:51:52 [[32minfo[39m]: 	[32mStored event 1d310376-1fe7-449d-b83c-e9242e8f1c74 with 0 tasks and 0 entities for user login_1765988292402[39m
2025-12-19 12:57:06 [[32minfo[39m]: 	[32mStored event 7434b90d-da9f-4593-adc5-b213d7b5b4c3 with 0 tasks and 0 entities for user login_1765988292402[39m
2025-12-19 12:57:09 [[32minfo[39m]: 	[32mStored event 7d141934-c9c9-48c8-8809-d7f3eebc840e with 0 tasks and 0 entities for user login_1765988292402[39m
2025-12-19 12:57:17 [[32minfo[39m]: 	[32mStored event 2f81bcdf-cd90-4e04-9143-8fd29e8cede8 with 0 tasks and 0 entities for user login_1765988292402[39m
2025-12-19 12:57:38 [[32minfo[39m]: 	[32mStored event 2c1ae9ef-fa52-4e2e-996d-501d05141396 with 0 tasks and 0 entities for user login_1765988292402[39m
2025-12-19 12:57:57 [[32minfo[39m]: 	[32mStored event 5c627eb6-ca84-4f46-8748-5ceb93c23be1 with 0 tasks and 0 entities for user login_1765988292402[39m
2025-12-19 12:58:08 [[32minfo[39m]: 	[32mStored event 9c1af082-c194-4c13-8157-3b198e19ab32 with 0 tasks and 0 entities for user login_1765988292402[39m
2025-12-19 12:58:11 [[32minfo[39m]: 	[32mStored event c45a8248-bdb1-4993-88e9-7a0879f104a3 with 0 tasks and 0 entities for user login_1765988292402[39m
2025-12-19 12:58:28 [[32minfo[39m]: 	[32mStored event 962a01d8-97d8-44b6-a6f6-df586030e510 with 0 tasks and 0 entities for user login_1765988292402[39m
2025-12-19 12:58:41 [[32minfo[39m]: 	[32mStored event ec3db06c-88e8-402a-8fa6-685e2f7211a4 with 0 tasks and 0 entities for user login_1765988292402[39m
2025-12-19 12:58:43 [[32minfo[39m]: 	[32mStored event fa018e3b-920d-45f0-a65d-a23007d6c7ec with 0 tasks and 0 entities for user login_1765988292402[39m
2025-12-19 13:08:05 [[32minfo[39m]: 	[32mStored event d839a9a1-0b68-4b05-85ad-eb4bae069789 with 0 tasks and 0 entities for user login_1765988292402[39m
2025-12-19 13:08:07 [[32minfo[39m]: 	[32mStored event 2d93938f-b1e4-4bc2-89f8-2e23a03de7bf with 0 tasks and 0 entities for user login_1765988292402[39m
2025-12-19 13:11:14 [[32minfo[39m]: 	[32mStored event 4455d39d-c08d-48ed-a4c0-96bf2831bffa with 0 tasks and 0 entities for user login_1765988292402[39m
2025-12-19 13:20:47 [[32minfo[39m]: 	[32mStored event a18e28ab-d7c5-4fd5-a3d2-409e40a44958 with 0 tasks and 0 entities for user login_1765988292402[39m
2025-12-19 13:21:52 [[32minfo[39m]: 	[32mStored event ba84a66e-8fa5-4c2f-8fdc-e1e12d7a0beb with 0 tasks and 0 entities for user login_1765988292402[39m
2025-12-19 13:22:04 [[32minfo[39m]: 	[32mStored event 3913e86a-3b57-464a-a5f8-cfa11a67c5c0 with 0 tasks and 0 entities for user login_1765988292402[39m
2025-12-19 13:26:09 [[32minfo[39m]: 	[32mStored event f26ec381-b0a2-4d37-84c2-7cf22504bc83 with 0 tasks and 0 entities for user login_1765988292402[39m
2025-12-19 13:28:37 [[32minfo[39m]: 	[32mStored event 7d9318d0-0e85-4f5d-a0b6-4ea3527321d4 with 0 tasks and 0 entities for user login_1765988292402[39m
2025-12-19 13:35:11 [[32minfo[39m]: 	[32mStored event 08887dd8-1974-432d-94f2-5d30495ebfa3 with 0 tasks and 0 entities for user login_1765988292402[39m
2025-12-19 13:35:38 [[32minfo[39m]: 	[32mStored event 22219772-3965-42a8-a388-0644bc3ce1f2 with 0 tasks and 0 entities for user login_1765988292402[39m
2025-12-19 13:35:43 [[32minfo[39m]: 	[32mStored event 451eee04-c1fb-42dd-b4cb-94e68cd4f126 with 0 tasks and 0 entities for user login_1765988292402[39m
2025-12-19 13:36:57 [[32minfo[39m]: 	[32mStored event eb3d99f0-b1da-4051-b62a-7ef409ca2010 with 0 tasks and 0 entities for user login_1765988292402[39m
2025-12-19 13:41:10 [[32minfo[39m]: 	[32mStored event 601918f8-7c41-4cd2-92b3-8fc42bd3a847 with 0 tasks and 0 entities for user login_1765988292402[39m
2025-12-19 14:50:29 [[32minfo[39m]: 	[32mStored event 449589c1-d2b8-454e-a4b3-e8cd7a75573f with 0 tasks and 0 entities for user login_1765988292402[39m
2025-12-19 14:50:30 [[32minfo[39m]: 	[32mStored event f63176ec-e73b-448c-939d-ef7a14a3455b with 0 tasks and 0 entities for user login_1765988292402[39m
2025-12-19 15:02:04 [[32minfo[39m]: 	[32mStored event 9576e466-dc84-4b7b-8392-023d865b782c with 0 tasks and 0 entities for user login_1765988292402[39m
2025-12-19 15:02:04 [[32minfo[39m]: 	[32mStored event ababfe6a-881e-4c86-94e2-9ff99cd93094 with 0 tasks and 0 entities for user login_1765988292402[39m
2025-12-19 15:02:06 [[32minfo[39m]: 	[32mStored event 51af7504-c176-4ef7-bf2f-fb9dcf5895a8 with 0 tasks and 0 entities for user login_1765988292402[39m
2025-12-19 15:03:15 [[32minfo[39m]: 	[32mStored event 211a65e1-b0a8-4256-bc0d-cf881d534192 with 0 tasks and 0 entities for user login_1765988292402[39m
2025-12-19 15:03:24 [[32minfo[39m]: 	[32mStored event 8789b4dd-a8e0-4118-bee0-dcd576a3e779 with 0 tasks and 0 entities for user login_1765988292402[39m
2025-12-19 15:05:15 [[32minfo[39m]: 	[32mStored event 6be55073-f0b2-4e6b-ae66-f4cbf4a12ff0 with 0 tasks and 0 entities for user login_1765988292402[39m
2025-12-19 15:05:18 [[32minfo[39m]: 	[32mStored event 5771cc80-7290-41a5-9c0f-7343aaaf03d9 with 0 tasks and 0 entities for user login_1765988292402[39m
2025-12-19 15:05:23 [[32minfo[39m]: 	[32mStored event 6d7118a6-63dd-4a6c-a36d-0ec8711cb83d with 0 tasks and 0 entities for user login_1765988292402[39m
2025-12-19 15:10:52 [[32minfo[39m]: 	[32mStored event 0f10df21-0a74-4a37-9607-04b946b20543 with 0 tasks and 0 entities for user login_1765988292402[39m
2025-12-19 15:15:45 [[32minfo[39m]: 	[32mStored event 426457b9-c065-4d9c-9f69-38eb703f872b with 0 tasks and 0 entities for user login_1765988292402[39m
2025-12-19 15:15:48 [[32minfo[39m]: 	[32mStored event 39c433e4-507d-4352-8837-72a186b0a6c4 with 0 tasks and 0 entities for user login_1765988292402[39m
2025-12-19 15:15:54 [[32minfo[39m]: 	[32mStored event 5672bf6e-09e9-4e0b-9002-ca41120381b6 with 0 tasks and 0 entities for user login_1765988292402[39m
2025-12-19 15:17:45 [[32minfo[39m]: 	[32mStored event 06a11b86-caad-4e31-bbf6-a56c0f14401b with 0 tasks and 0 entities for user login_1765988292402[39m
2025-12-19 15:18:04 [[32minfo[39m]: 	[32mStored event 8422b878-a84a-47c2-a8b1-56175b159b2e with 0 tasks and 0 entities for user login_1765988292402[39m
2025-12-19 15:18:09 [[32minfo[39m]: 	[32mStored event 9f6abfb7-8690-4f8c-98f9-1bb8b04c1f8a with 0 tasks and 0 entities for user login_1765988292402[39m
2025-12-19 15:25:22 [[32minfo[39m]: 	[32mStored event a8e3713a-17d5-4bf4-b359-cee3dd05df24 with 0 tasks and 0 entities for user login_1765988292402[39m
2025-12-19 15:25:51 [[32minfo[39m]: 	[32mStored event 4df1657b-17ae-4060-859b-df5927b85247 with 0 tasks and 0 entities for user login_1765988292402[39m
2025-12-19 15:26:01 [[32minfo[39m]: 	[32mStored event b3c08ce6-06ce-45cc-a0ff-056ae66d7d0a with 0 tasks and 0 entities for user login_1765988292402[39m
2025-12-19 15:26:04 [[32minfo[39m]: 	[32mStored event 0913ee78-e6ec-4b69-a3dd-29cee018238d with 0 tasks and 0 entities for user login_1765988292402[39m
2025-12-19 15:35:27 [[32minfo[39m]: 	[32mStored event 4dafcfa5-0e42-4b65-b55b-c2baa25f398f with 0 tasks and 0 entities for user login_1765988292402[39m
2025-12-19 15:35:51 [[32minfo[39m]: 	[32mStored event d0ad0920-9a44-4e30-b132-3449dfff3d36 with 0 tasks and 0 entities for user login_1765988292402[39m
2025-12-19 15:36:45 [[32minfo[39m]: 	[32mStored event ee206a30-b97e-4628-bae8-663b28f38dc8 with 0 tasks and 0 entities for user login_1765988292402[39m
2025-12-19 15:37:42 [[32minfo[39m]: 	[32mStored event 9d8235ae-d6c8-43fc-bab9-bc5085b88b86 with 0 tasks and 0 entities for user login_1765988292402[39m
2025-12-19 15:41:28 [[32minfo[39m]: 	[32mStored event c1358355-8f52-4ed8-812d-ce3e4bedcf38 with 0 tasks and 0 entities for user login_1765988292402[39m
2025-12-19 15:46:15 [[32minfo[39m]: 	[32mStored event 709beba8-af86-43a9-a7c8-4c1495d78aec with 0 tasks and 0 entities for user login_1765988292402[39m
2025-12-19 15:56:18 [[32minfo[39m]: 	[32mStored event 12b0298b-8489-466a-867e-c1a690c02c83 with 0 tasks and 0 entities for user login_1765988292402[39m
2025-12-19 15:56:18 [[32minfo[39m]: 	[32mStored event c28345e3-09a2-4f85-8538-dc376e1e5b51 with 0 tasks and 0 entities for user login_1765988292402[39m
2025-12-19 16:02:52 [[32minfo[39m]: 	[32mStored event 2df30450-4840-4600-8353-1027d0d01813 with 0 tasks and 0 entities for user login_1765988292402[39m
2025-12-19 16:08:38 [[32minfo[39m]: 	[32mStored event a601e0ea-514c-446e-9b54-61e0f2bfd648 with 0 tasks and 0 entities for user login_1765988292402[39m
2025-12-19 17:57:43 [[32minfo[39m]: 	[32mStored event ac2ae7fb-92af-422c-bffa-212aaa3230dd with 0 tasks and 0 entities for user login_1765988292402[39m
2025-12-19 18:01:43 [[32minfo[39m]: 	[32mStored event 4663de94-bd0c-48c7-9ad2-3d7b16b50883 with 0 tasks and 0 entities for user login_1765988292402[39m
2025-12-19 22:48:39 [[32minfo[39m]: 	[32mStored event 6f66e699-29db-4c00-90b1-746a87dbc56d with 0 tasks and 0 entities for user login_1765988292402[39m
2025-12-19 22:54:10 [[32minfo[39m]: 	[32mStored event 3d10b888-11e6-4f74-8b9b-b1f61f1a7894 with 0 tasks and 0 entities for user login_1765988292402[39m
2025-12-19 22:54:55 [[32minfo[39m]: 	[32mStored event d69accfa-b1f7-4c3f-ad45-98af421fd994 with 0 tasks and 0 entities for user login_1765988292402[39m
2025-12-19 22:55:05 [[32minfo[39m]: 	[32mStored event 92f8dd94-3bc7-402e-9717-cb645f288bf1 with 0 tasks and 0 entities for user login_1765988292402[39m
2025-12-19 22:55:08 [[32minfo[39m]: 	[32mStored event fff490ae-b1a6-4701-8965-57c8e6258164 with 0 tasks and 0 entities for user login_1765988292402[39m
2025-12-19 22:55:39 [[32minfo[39m]: 	[32mStored event 7ff6958f-092c-45ae-9119-7d376db52feb with 0 tasks and 0 entities for user login_1765988292402[39m
2025-12-19 22:55:50 [[32minfo[39m]: 	[32mStored event 69a97371-be45-42fd-9a49-f0e74ac856b8 with 0 tasks and 0 entities for user login_1765988292402[39m
2025-12-19 22:57:33 [[32minfo[39m]: 	[32mStored event e78591ba-a8b3-4f53-9a67-7e8a190a4c30 with 0 tasks and 0 entities for user login_1765988292402[39m
2025-12-19 22:58:08 [[32minfo[39m]: 	[32mStored event c320f588-d54a-4a9b-86c7-56e8c55bb21f with 0 tasks and 0 entities for user login_1765988292402[39m
2025-12-19 23:04:58 [[32minfo[39m]: 	[32mStored event c33f0796-3da5-48f0-bf92-b55dae2df50b with 0 tasks and 0 entities for user login_1765988292402[39m
2025-12-19 23:05:19 [[32minfo[39m]: 	[32mStored event a24f5ffa-ba7e-4eac-b1cb-b13c582d5fb3 with 0 tasks and 0 entities for user login_1765988292402[39m
2025-12-19 23:06:16 [[32minfo[39m]: 	[32mStored event 597c6d51-3089-4eab-867b-50d4da46fa57 with 0 tasks and 0 entities for user login_1765988292402[39m
2025-12-19 23:06:18 [[32minfo[39m]: 	[32mStored event 32f60160-5701-4fb9-82fa-fc14364904f2 with 0 tasks and 0 entities for user login_1765988292402[39m
2025-12-19 23:06:19 [[32minfo[39m]: 	[32mStored event 37bc5f69-40d5-4496-b4f4-e6368822471a with 0 tasks and 0 entities for user login_1765988292402[39m
2025-12-19 23:06:22 [[32minfo[39m]: 	[32mStored event 7a6f13a5-5a9c-4c85-b18f-3aaadb3c4e23 with 0 tasks and 0 entities for user login_1765988292402[39m
2025-12-19 23:07:07 [[32minfo[39m]: 	[32mStored event 5c5815bb-8f84-4c40-ae08-afb56357e009 with 0 tasks and 0 entities for user login_1765988292402[39m
2025-12-19 23:07:08 [[32minfo[39m]: 	[32mStored event d67f66d5-69ca-491d-9cda-3e0ac1c3b684 with 0 tasks and 0 entities for user login_1765988292402[39m
2025-12-19 23:07:13 [[32minfo[39m]: 	[32mStored event 2f1c6af5-4bf1-4d92-b00e-5f43f1203ebe with 0 tasks and 0 entities for user login_1765988292402[39m
2025-12-19 23:07:40 [[32minfo[39m]: 	[32mStored event c84d2747-96b7-482e-9d8e-206c90fc6f6e with 0 tasks and 0 entities for user login_1765988292402[39m
2025-12-19 23:08:12 [[32minfo[39m]: 	[32mStored event 5157ce05-8b51-4fad-8ad6-5581999874a7 with 0 tasks and 0 entities for user login_1765988292402[39m
2025-12-19 23:08:29 [[32minfo[39m]: 	[32mStored event 88e729ba-fdca-46e2-8728-73449c68a8f4 with 0 tasks and 0 entities for user login_1765988292402[39m
2025-12-19 23:08:34 [[32minfo[39m]: 	[32mStored event 964baa41-2b75-43b5-8152-21a5d6bafc29 with 0 tasks and 0 entities for user login_1765988292402[39m
2025-12-19 23:08:39 [[32minfo[39m]: 	[32mStored event ce248787-e829-4c31-8a34-dc3e04b8e7a1 with 0 tasks and 0 entities for user login_1765988292402[39m
2025-12-19 23:09:17 [[32minfo[39m]: 	[32mStored event bb266fbf-3b94-417c-8dbc-a146c6ea95b1 with 0 tasks and 0 entities for user login_1765988292402[39m
2025-12-19 23:09:26 [[32minfo[39m]: 	[32mStored event 3ccf241f-0294-4524-8622-a6b80cc4dcc6 with 0 tasks and 0 entities for user login_1765988292402[39m
2025-12-19 23:09:29 [[32minfo[39m]: 	[32mStored event f53356d2-d925-407c-a6a4-0cab26993ba8 with 0 tasks and 0 entities for user login_1765988292402[39m
2025-12-19 23:18:35 [[32minfo[39m]: 	[32mStored event 7fbb6047-8a6a-443a-8217-d02d04f89ced with 0 tasks and 0 entities for user login_1765988292402[39m
2025-12-20 12:07:34 [[32minfo[39m]: 	[32mStored event 988311e9-2124-4310-b132-4948c3ba83c4 with 0 tasks and 0 entities for user login_1765988292402[39m
2025-12-20 12:12:28 [[32minfo[39m]: 	[32mStored event a002e3e6-c4fb-4cb1-8c1a-9625f9263891 with 0 tasks and 0 entities for user login_1765988292402[39m
2025-12-20 13:30:20 [[32minfo[39m]: 	[32mStored event 8cb00f64-85c8-4716-aae7-b6e2a61ed2f5 with 0 tasks and 0 entities for user login_1765988292402[39m
2025-12-20 13:31:10 [[32minfo[39m]: 	[32mStored event b3652031-e94c-4f2e-882d-e14836179b24 with 0 tasks and 0 entities for user login_1765988292402[39m
2025-12-20 13:32:33 [[32minfo[39m]: 	[32mStored event 9058d017-8360-49f5-89a4-ddbe4c094b80 with 0 tasks and 0 entities for user login_1765988292402[39m
2025-12-20 13:32:35 [[32minfo[39m]: 	[32mStored event ae2796d8-82c7-4095-a812-cf2707e5b383 with 0 tasks and 0 entities for user login_1765988292402[39m
2025-12-20 13:32:42 [[32minfo[39m]: 	[32mStored event cae54840-7d8f-42f4-8161-fb195cc9a4ca with 0 tasks and 0 entities for user login_1765988292402[39m
2025-12-20 13:33:06 [[32minfo[39m]: 	[32mStored event 0f3d07d6-6108-41b7-9fe4-36cd14ece078 with 0 tasks and 0 entities for user login_1765988292402[39m
2025-12-20 13:33:07 [[32minfo[39m]: 	[32mStored event 1221994a-3b48-4563-9e29-ecdfcd3b6691 with 0 tasks and 0 entities for user login_1765988292402[39m
2025-12-20 13:33:16 [[32minfo[39m]: 	[32mStored event f73d71be-c280-4582-af17-f732ff02a9cd with 0 tasks and 0 entities for user login_1765988292402[39m
2025-12-20 13:33:23 [[32minfo[39m]: 	[32mStored event 1e2e0de0-2780-4d4e-985d-133c16214526 with 0 tasks and 0 entities for user login_1765988292402[39m
2025-12-20 13:33:37 [[32minfo[39m]: 	[32mStored event aad006be-69c5-4af2-8431-d1f33a33abd7 with 0 tasks and 0 entities for user login_1765988292402[39m
2025-12-20 13:39:26 [[32minfo[39m]: 	[32mStored event 4547237f-a96a-4f4a-8450-0aa18bde3005 with 0 tasks and 0 entities for user login_1765988292402[39m
2025-12-20 13:39:27 [[32minfo[39m]: 	[32mStored event a14887af-0449-48b4-b03a-a9ecc65929a5 with 0 tasks and 0 entities for user user[39m
2025-12-20 13:41:14 [[32minfo[39m]: 	[32mStored event 8351dd7f-d87a-4bfc-b513-48a5186f94f7 with 0 tasks and 0 entities for user login_1765988292402[39m
2025-12-20 13:41:27 [[32minfo[39m]: 	[32mStored event 80552971-ec5d-4ab2-bf87-f7de9ac6e118 with 0 tasks and 0 entities for user login_1765988292402[39m
2025-12-20 13:41:59 [[32minfo[39m]: 	[32mStored event 38b9bb10-0d69-43b3-bfb8-3fba9ccb6951 with 0 tasks and 0 entities for user login_1765988292402[39m
2025-12-20 13:47:53 [[32minfo[39m]: 	[32mStored event a1a29b9e-e66f-4f94-859a-fa0c7de234fd with 0 tasks and 0 entities for user login_1765988292402[39m
2025-12-20 13:56:53 [[32minfo[39m]: 	[32mStored event 2393036a-456d-4c3c-8526-2c7d7d46920c with 0 tasks and 0 entities for user login_1765988292402[39m
2025-12-20 14:01:34 [[32minfo[39m]: 	[32mStored event a6c26f56-7c0c-4ae1-91c3-c7db421fd959 with 0 tasks and 0 entities for user login_1765988292402[39m
2025-12-20 16:44:19 [[32minfo[39m]: 	[32mStored event dddafb39-c9e6-4c78-b37f-307405b23988 with 0 tasks and 0 entities for user login_1765988292402[39m
2025-12-20 16:44:33 [[32minfo[39m]: 	[32mStored event 9162fe2d-2c22-46f9-845f-8d062a116165 with 0 tasks and 0 entities for user login_1765988292402[39m
2025-12-20 16:54:34 [[32minfo[39m]: 	[32mStored event be4c3ade-0d5c-4ba4-a2ea-f86c584eb52f with 0 tasks and 0 entities for user login_1765988292402[39m
2025-12-20 16:54:49 [[32minfo[39m]: 	[32mStored event 6331307c-e6ac-4b9b-88ce-34854fdf5829 with 0 tasks and 0 entities for user login_1765988292402[39m
2025-12-20 16:55:40 [[32minfo[39m]: 	[32mStored event 0221b189-0668-48d6-a383-6d90ad346c30 with 0 tasks and 0 entities for user login_1765988292402[39m
2025-12-20 16:57:35 [[32minfo[39m]: 	[32mStored event 1db4c4f9-021a-4cf7-9eaf-c9acb5b322e0 with 0 tasks and 0 entities for user login_1765988292402[39m
2025-12-20 17:01:04 [[32minfo[39m]: 	[32mStored event 18028420-dc56-4804-a390-ed800c44875e with 0 tasks and 0 entities for user login_1765988292402[39m
2025-12-20 17:06:00 [[32minfo[39m]: 	[32mStored event aad41cd0-9a32-4527-8491-6f7b21b7aa63 with 0 tasks and 0 entities for user login_1765988292402[39m
2025-12-20 17:12:48 [[32minfo[39m]: 	[32mStored event 864d2ecd-607f-4f8d-acbc-7c9d7e420eb6 with 0 tasks and 0 entities for user login_1765988292402[39m
2025-12-20 17:13:41 [[32minfo[39m]: 	[32mStored event 9b4499f6-a397-4f1a-999b-7b4ac33b3e5a with 0 tasks and 0 entities for user login_1765988292402[39m
2025-12-20 17:15:41 [[32minfo[39m]: 	[32mStored event a51ed0e2-ab46-49dd-a33e-8fe2ef5cc54d with 0 tasks and 0 entities for user login_1765988292402[39m
2025-12-20 17:16:45 [[32minfo[39m]: 	[32mStored event 25d0b786-007d-486c-bfee-73a11edb8d0a with 0 tasks and 0 entities for user login_1765988292402[39m
2025-12-20 17:24:46 [[32minfo[39m]: 	[32mStored event 267d5d7b-ee96-42ac-a49e-b87299f717cb with 0 tasks and 0 entities for user login_1765988292402[39m
2025-12-20 17:31:22 [[32minfo[39m]: 	[32mStored event 3b68d701-24f2-4f21-971d-06cc3c0d02c0 with 0 tasks and 0 entities for user login_1765988292402[39m
2025-12-20 17:35:38 [[32minfo[39m]: 	[32mStored event d131e6c2-230e-4eed-8d10-e2bea5209dd8 with 0 tasks and 0 entities for user login_1765988292402[39m
2025-12-20 17:35:38 [[32minfo[39m]: 	[32mStored event e3707f29-2ca4-4a98-a949-44d29318d291 with 0 tasks and 0 entities for user login_1765988292402[39m
2025-12-20 17:36:32 [[32minfo[39m]: 	[32mStored event a09c4f24-20d9-47ba-bdc4-2c365f6497da with 0 tasks and 0 entities for user login_1765988292402[39m
2025-12-20 17:37:07 [[32minfo[39m]: 	[32mStored event 9cb2dd53-0376-4d33-b1cc-5c74b18f3535 with 0 tasks and 0 entities for user login_1765988292402[39m
2025-12-20 17:37:10 [[32minfo[39m]: 	[32mStored event 77a117b4-3ac0-44c1-80be-a065b5ffc97b with 0 tasks and 0 entities for user login_1765988292402[39m
2025-12-20 17:38:28 [[32minfo[39m]: 	[32mStored event 21eb4708-6031-4f70-bb83-1dbf82329b50 with 0 tasks and 0 entities for user login_1765988292402[39m
2025-12-20 17:42:29 [[32minfo[39m]: 	[32mStored event 79c3d97e-0aa2-4766-8435-51388504f93a with 0 tasks and 0 entities for user login_1765988292402[39m
2025-12-20 17:42:31 [[32minfo[39m]: 	[32mStored event 00f138bd-58da-4dca-809a-17f76201061d with 0 tasks and 0 entities for user login_1765988292402[39m
2025-12-20 17:47:36 [[32minfo[39m]: 	[32mStored event 55418211-365c-4e06-bb6e-8a7145c536f2 with 0 tasks and 0 entities for user login_1765988292402[39m
2025-12-20 17:47:40 [[32minfo[39m]: 	[32mStored event 97710ddb-97e5-4f8b-9280-0812f2b4ef62 with 0 tasks and 0 entities for user login_1765988292402[39m
2025-12-20 17:47:41 [[32minfo[39m]: 	[32mStored event bb72f99a-0419-44a7-82ea-2b52af08fa56 with 0 tasks and 0 entities for user login_1765988292402[39m
2025-12-20 17:47:42 [[32minfo[39m]: 	[32mStored event 92412dec-1cd5-4905-8d64-663f26d3edff with 0 tasks and 0 entities for user login_1765988292402[39m
2025-12-20 17:51:39 [[32minfo[39m]: 	[32mStored event 80d42117-b27c-4b2e-8834-455c5c1c8023 with 0 tasks and 0 entities for user login_1765988292402[39m
2025-12-20 17:53:09 [[32minfo[39m]: 	[32mStored event c64f63a0-e35c-4b9e-bf2c-e7977bd403f6 with 0 tasks and 0 entities for user login_1765988292402[39m
2025-12-21 10:18:29 [[32minfo[39m]: 	[32mStored event 4ffabe4e-8b73-447e-acff-51839ff4549e with 0 tasks and 0 entities for user login_1765988292402[39m
2025-12-21 10:18:34 [[32minfo[39m]: 	[32mStored event 17ed6483-9ae1-4773-b8dd-02fc0228863f with 0 tasks and 0 entities for user login_1765988292402[39m
2025-12-21 10:19:34 [[32minfo[39m]: 	[32mStored event 5b400112-d2b3-4270-a464-6626f2387fa0 with 0 tasks and 0 entities for user login_1765988292402[39m
2025-12-21 10:19:37 [[32minfo[39m]: 	[32mStored event c3585b9f-3f56-4da0-b143-930082f438f0 with 0 tasks and 0 entities for user login_1765988292402[39m
2025-12-21 10:19:59 [[32minfo[39m]: 	[32mStored event a88adea3-f9a7-4d15-9fa8-3a480312acf5 with 0 tasks and 0 entities for user login_1765988292402[39m
2025-12-21 10:20:03 [[32minfo[39m]: 	[32mStored event abf502f4-d484-4711-8030-a884fef032df with 0 tasks and 0 entities for user login_1765988292402[39m
2025-12-21 10:20:19 [[32minfo[39m]: 	[32mStored event ee01cc66-1d90-436d-8e4e-4ff86723fae7 with 0 tasks and 0 entities for user login_1765988292402[39m
2025-12-21 10:24:19 [[32minfo[39m]: 	[32mStored event 6930236a-a613-4d28-b43d-6572ebd47b1f with 0 tasks and 0 entities for user login_1765988292402[39m
2025-12-21 10:24:22 [[32minfo[39m]: 	[32mStored event 0bac20db-61e8-408e-be7b-74fc47a3cf1d with 0 tasks and 0 entities for user login_1766308753963[39m
2025-12-21 10:25:22 [[32minfo[39m]: 	[32mStored event 398133b3-8060-46fe-ad16-f1739a8948e3 with 0 tasks and 0 entities for user login_1766308753963[39m
2025-12-21 10:25:38 [[32minfo[39m]: 	[32mStored event 50900b69-2731-4cf7-8fa6-cb59a02c7334 with 0 tasks and 0 entities for user login_1766308753963[39m
2025-12-21 10:25:41 [[32minfo[39m]: 	[32mStored event 6358a08a-c01b-41ac-847e-485c4a9ddd35 with 0 tasks and 0 entities for user login_1766308753963[39m
2025-12-21 10:25:58 [[32minfo[39m]: 	[32mStored event 1b307e46-639b-432d-93a0-fb8d06f74bd5 with 0 tasks and 0 entities for user login_1766308753963[39m
2025-12-21 10:26:04 [[32minfo[39m]: 	[32mStored event a12ae21c-8a04-4e47-8ae4-e859a7d75cce with 0 tasks and 0 entities for user login_1766308753963[39m
2025-12-21 10:28:10 [[32minfo[39m]: 	[32mStored event d74683b8-8aaf-433d-9c1e-b07ae072a288 with 0 tasks and 0 entities for user login_1766308753963[39m
2025-12-21 13:09:34 [[32minfo[39m]: 	[32mStored event 4b05e1e9-758c-4dd7-bca6-fd007f6a1114 with 0 tasks and 0 entities for user login_1766308753963[39m
2025-12-21 13:10:44 [[32minfo[39m]: 	[32mStored event c18ea304-4bb6-469f-9ef5-4a09a61225b2 with 0 tasks and 0 entities for user login_1766308753963[39m
2025-12-21 13:11:01 [[32minfo[39m]: 	[32mStored event cbad234f-4a18-4413-9e40-c221e4b8638c with 0 tasks and 0 entities for user login_1766308753963[39m
2025-12-21 13:14:44 [[32minfo[39m]: 	[32mStored event af629fb7-8c97-437e-816f-545ac8145958 with 0 tasks and 0 entities for user login_1766308753963[39m
2025-12-21 13:14:44 [[32minfo[39m]: 	[32mStored event 0f2c8375-58c5-4f02-80f9-850af2248cb6 with 0 tasks and 0 entities for user login_1766319031896[39m
2025-12-21 13:18:16 [[32minfo[39m]: 	[32mStored event 45077753-4d7a-4ae1-b60b-8b4f5ddc8da3 with 0 tasks and 0 entities for user login_1766319031896[39m
2025-12-21 13:18:22 [[32minfo[39m]: 	[32mStored event 37c839af-904b-4322-93df-ea6c1714bc50 with 0 tasks and 0 entities for user login_1766319031896[39m
2025-12-21 13:18:26 [[32minfo[39m]: 	[32mStored event 27d86049-622a-4973-9405-0743c9241cae with 0 tasks and 0 entities for user login_1766319031896[39m
2025-12-21 13:18:30 [[32minfo[39m]: 	[32mStored event 42fd9803-9e23-491a-87d7-c30843ff215f with 0 tasks and 0 entities for user login_1766319031896[39m
2025-12-21 13:19:47 [[32minfo[39m]: 	[32mStored event 933d3d3b-07c6-4afc-8d27-0cdced65283b with 0 tasks and 0 entities for user login_1766319031896[39m
2025-12-21 13:19:52 [[32minfo[39m]: 	[32mStored event 43916958-1ad5-416c-b166-4e399b09cfc5 with 0 tasks and 0 entities for user login_1766319031896[39m
2025-12-21 13:19:56 [[32minfo[39m]: 	[32mStored event 913219be-9048-49a8-8430-795c1d258a69 with 0 tasks and 0 entities for user login_1766319031896[39m
2025-12-21 13:20:05 [[32minfo[39m]: 	[32mStored event dfbaeb95-3402-4be6-ad2c-b0970138496c with 0 tasks and 0 entities for user login_1766319031896[39m
2025-12-21 13:20:08 [[32minfo[39m]: 	[32mStored event a5bdb9ce-e110-4a1e-b883-fb0334405557 with 0 tasks and 0 entities for user login_1766319031896[39m
2025-12-21 13:22:27 [[32minfo[39m]: 	[32mStored event 8dc8f9f3-a608-4f6f-982e-e24f960069fc with 0 tasks and 0 entities for user login_1766319031896[39m
2025-12-21 13:28:37 [[32minfo[39m]: 	[32mStored event 1d337344-fef5-4725-b948-1c69c63a100f with 0 tasks and 0 entities for user login_1766319031896[39m
2025-12-21 13:29:19 [[32minfo[39m]: 	[32mStored event 5d3038cf-8a87-42f7-8e92-d84121b9d485 with 0 tasks and 0 entities for user login_1766319031896[39m
2025-12-21 13:29:19 [[32minfo[39m]: 	[32mStored event abdb70d5-6054-4d62-9f39-595fdac906a6 with 0 tasks and 0 entities for user login_1766319031896[39m
2025-12-21 13:29:38 [[32minfo[39m]: 	[32mStored event 1c94f3ac-e6a8-483f-a64f-03f325d17897 with 0 tasks and 0 entities for user login_1766319031896[39m
2025-12-21 13:29:45 [[32minfo[39m]: 	[32mStored event bb2bbf78-5f0a-444b-bc73-2e887da1161e with 0 tasks and 0 entities for user login_1766320140022[39m
2025-12-21 13:30:05 [[32minfo[39m]: 	[32mStored event 35e89c7d-749f-418b-995a-b6f1fa1b5f8f with 0 tasks and 0 entities for user login_1766320140022[39m
2025-12-21 13:30:20 [[32minfo[39m]: 	[32mStored event f1f56d0d-8b5a-4f6e-86c4-2d5ceddcfb13 with 0 tasks and 0 entities for user login_1766320140022[39m
2025-12-21 13:30:44 [[32minfo[39m]: 	[32mStored event 6ebdcd13-6b00-453b-80b9-5146cc3c59c9 with 0 tasks and 0 entities for user login_1766320140022[39m
2025-12-21 13:30:49 [[32minfo[39m]: 	[32mStored event 2137ce01-26b3-4bee-a0f2-8c21c02a8b1d with 0 tasks and 0 entities for user login_1766320140022[39m
2025-12-21 13:31:14 [[32minfo[39m]: 	[32mStored event 809e946d-e78e-488e-87f2-f54837fd5935 with 0 tasks and 0 entities for user login_1766320140022[39m
2025-12-21 13:31:24 [[32minfo[39m]: 	[32mStored event 2e0d7ece-e06e-4366-86f2-412ba0af3f36 with 0 tasks and 0 entities for user login_1766320140022[39m
2025-12-21 13:39:04 [[32minfo[39m]: 	[32mStored event 148b7f84-e0aa-4bcf-9264-59e5c581e471 with 0 tasks and 0 entities for user login_1766320140022[39m
2025-12-21 13:39:21 [[32minfo[39m]: 	[32mStored event 93a6d018-0f84-46c6-a595-1d1abfdc9f44 with 0 tasks and 0 entities for user login_1766320140022[39m
2025-12-21 13:49:59 [[32minfo[39m]: 	[32mStored event d22442b7-6329-481c-91fe-e7a447f2912b with 0 tasks and 0 entities for user login_1766320140022[39m
2025-12-21 13:51:33 [[32minfo[39m]: 	[32mStored event 34ad641c-6dd8-4072-9048-b92e12bec081 with 0 tasks and 0 entities for user login_1766320140022[39m
2025-12-21 13:51:57 [[32minfo[39m]: 	[32mStored event ae179e10-595b-42d6-9ffc-fe128eefdb17 with 0 tasks and 0 entities for user login_1766320140022[39m
2025-12-21 13:52:07 [[32minfo[39m]: 	[32mStored event 006fbd28-38c6-45c3-a8bb-0b6c87a1ea0d with 0 tasks and 0 entities for user login_1766320140022[39m
2025-12-21 13:52:16 [[32minfo[39m]: 	[32mStored event 7ace4651-d2cc-4d3d-b7aa-af2238a9748d with 0 tasks and 0 entities for user login_1766320140022[39m
2025-12-21 13:52:21 [[32minfo[39m]: 	[32mStored event 1a316baf-dd48-4b8f-92f7-e784fb3d20ee with 0 tasks and 0 entities for user login_1766320140022[39m
2025-12-21 13:52:23 [[32minfo[39m]: 	[32mStored event 0de5c38f-e06c-4ac8-84aa-90127f3ef3bd with 0 tasks and 0 entities for user login_1766320140022[39m
2025-12-21 13:52:24 [[32minfo[39m]: 	[32mStored event 3f11fe33-cd65-423d-b757-14f4576bb842 with 0 tasks and 0 entities for user login_1766320140022[39m
2025-12-21 13:58:11 [[32minfo[39m]: 	[32mStored event de6aca1c-913a-4a6c-9c4a-34bfdec17501 with 0 tasks and 0 entities for user login_1766320140022[39m
2025-12-21 13:58:17 [[32minfo[39m]: 	[32mStored event 48c9b2cc-8de1-47ca-877f-fa367f50f3c8 with 0 tasks and 0 entities for user login_1766320140022[39m
2025-12-21 14:06:44 [[32minfo[39m]: 	[32mStored event 3ae1c353-2370-4bb7-991d-e93c2b04ed4a with 0 tasks and 0 entities for user login_1766320140022[39m
2025-12-21 14:06:46 [[32minfo[39m]: 	[32mStored event 7f8b674a-b466-4651-9dd6-1fcf079ec681 with 0 tasks and 0 entities for user login_1766320140022[39m
2025-12-21 14:09:27 [[32minfo[39m]: 	[32mStored event 710b922a-aa42-42d2-b7c6-59b5effacf3b with 0 tasks and 0 entities for user login_1766320140022[39m
2025-12-21 14:16:59 [[32minfo[39m]: 	[32mStored event e53ec3af-29ab-4265-9d52-fa548281e227 with 0 tasks and 0 entities for user login_1766320140022[39m
2025-12-21 14:17:28 [[32minfo[39m]: 	[32mStored event adcb55f7-0df4-47da-bc8a-c596207da9f4 with 0 tasks and 0 entities for user login_1766320140022[39m
2025-12-21 14:25:13 [[32minfo[39m]: 	[32mStored event 766372b6-0c81-4431-b5cb-f28c773e254a with 0 tasks and 0 entities for user login_1766320140022[39m
2025-12-21 14:26:32 [[32minfo[39m]: 	[32mStored event 7c894e35-894e-430a-bc10-1d29ace364f6 with 0 tasks and 0 entities for user login_1766320140022[39m
2025-12-21 14:27:11 [[32minfo[39m]: 	[32mStored event 7c2c06ce-6b8f-435a-a03b-82113ae07090 with 0 tasks and 0 entities for user login_1766320140022[39m
2025-12-21 14:27:12 [[32minfo[39m]: 	[32mStored event 8cc5d435-bc75-40dd-8769-e71287258563 with 0 tasks and 0 entities for user login_1766320140022[39m
2025-12-21 14:27:39 [[32minfo[39m]: 	[32mStored event 695cc3fa-5b6d-465a-b3ee-a98752d3fe9b with 0 tasks and 0 entities for user login_1766320140022[39m
2025-12-21 14:27:42 [[32minfo[39m]: 	[32mStored event 149b1385-5b58-4a3b-96d2-1149a0df0bac with 0 tasks and 0 entities for user login_1766320140022[39m
2025-12-21 14:27:49 [[32minfo[39m]: 	[32mStored event 01062bd8-0598-4d06-b8e5-28ce0c3c83c0 with 0 tasks and 0 entities for user login_1766320140022[39m
2025-12-21 14:28:22 [[32minfo[39m]: 	[32mStored event 61fe3fa6-d5ff-4c27-8dc5-474e67c97d8e with 0 tasks and 0 entities for user login_1766320140022[39m
2025-12-21 14:28:32 [[32minfo[39m]: 	[32mStored event 4cdbd29a-2d3b-4f15-8edf-83d042ddfb98 with 0 tasks and 0 entities for user login_1766320140022[39m
2025-12-21 14:28:53 [[32minfo[39m]: 	[32mStored event 5c4eec61-25bf-45b6-94d6-958fac67b489 with 0 tasks and 0 entities for user login_1766320140022[39m
2025-12-21 14:34:00 [[32minfo[39m]: 	[32mStored event 9946ce19-db01-4693-a5ea-7d7a320e1234 with 0 tasks and 0 entities for user login_1766320140022[39m
2025-12-21 14:56:36 [[32minfo[39m]: 	[32mStored event c78b19e2-cf63-4d7a-a886-c72894cebe0f with 0 tasks and 0 entities for user login_1766320140022[39m
2025-12-21 14:56:39 [[32minfo[39m]: 	[32mStored event 774eb50a-e9dd-4f92-9ea8-47788bc813f4 with 0 tasks and 0 entities for user login_1766320140022[39m
2025-12-21 15:06:36 [[32minfo[39m]: 	[32mStored event 2ab12046-b64f-4b55-969d-bbdadbddb428 with 0 tasks and 0 entities for user login_1766320140022[39m
2025-12-21 15:07:33 [[32minfo[39m]: 	[32mStored event 664eab2b-0398-4e82-b4f4-d22e185fe45e with 0 tasks and 0 entities for user login_1766320140022[39m
2025-12-21 15:07:58 [[32minfo[39m]: 	[32mStored event b7c3029e-c96b-4dd6-8d84-3919d1f37764 with 0 tasks and 0 entities for user login_1766320140022[39m
2025-12-21 15:08:23 [[32minfo[39m]: 	[32mStored event c1026ac2-a2d2-4e47-bfa6-636983c05fb8 with 0 tasks and 0 entities for user login_1766320140022[39m
2025-12-21 15:19:59 [[32minfo[39m]: 	[32mStored event 8a2c6d52-402c-47f7-948d-ddfc9fe6c3eb with 0 tasks and 0 entities for user login_1766320140022[39m
2025-12-21 15:20:34 [[32minfo[39m]: 	[32mStored event dc746409-7cab-47df-b93f-78955b5d2392 with 0 tasks and 0 entities for user login_1766320140022[39m
2025-12-21 15:20:37 [[32minfo[39m]: 	[32mStored event 2b99d286-7c45-4ef8-b92c-acfde2ff6179 with 0 tasks and 0 entities for user login_1766320140022[39m
2025-12-21 15:35:39 [[32minfo[39m]: 	[32mStored event 181bf7eb-57f5-48f9-8a29-b74df9ecef98 with 0 tasks and 0 entities for user login_1766320140022[39m
2025-12-21 15:36:14 [[32minfo[39m]: 	[32mStored event a997bd78-db1c-4f90-a2ee-7e0aa9b34717 with 0 tasks and 0 entities for user login_1766320140022[39m
2025-12-21 15:36:18 [[32minfo[39m]: 	[32mStored event e255d2d8-0373-4203-82cc-e50619853a22 with 0 tasks and 0 entities for user login_1766320140022[39m
2025-12-21 15:36:34 [[32minfo[39m]: 	[32mStored event c4fb381a-182c-4f3c-9d9a-88ac787e7819 with 0 tasks and 0 entities for user login_1766320140022[39m
2025-12-21 15:37:12 [[32minfo[39m]: 	[32mStored event c527504b-d7be-4e91-9ea1-c7bd9cea697b with 0 tasks and 0 entities for user login_1766320140022[39m
2025-12-21 15:37:27 [[32minfo[39m]: 	[32mStored event 04782a7b-ac76-49ce-9225-aafad1c27169 with 0 tasks and 0 entities for user login_1766320140022[39m
2025-12-21 15:43:38 [[32minfo[39m]: 	[32mStored event e9724fd8-2449-46c7-8775-52d12f0e00d3 with 0 tasks and 0 entities for user login_1766320140022[39m
2025-12-21 15:43:50 [[32minfo[39m]: 	[32mStored event 083caaf1-f0ff-479b-b381-70d10b92874b with 0 tasks and 0 entities for user login_1766320140022[39m
2025-12-21 15:43:54 [[32minfo[39m]: 	[32mStored event 153e64f6-a7a1-48be-9aca-ed202d4eb858 with 0 tasks and 0 entities for user login_1766320140022[39m
2025-12-21 15:44:27 [[32minfo[39m]: 	[32mStored event 063680d5-f4c0-4eae-9af1-e52eaf4a59b5 with 0 tasks and 0 entities for user login_1766320140022[39m
2025-12-21 15:44:30 [[32minfo[39m]: 	[32mStored event ea264fe7-40e8-4204-ab0e-acc5ad53349d with 0 tasks and 0 entities for user login_1766320140022[39m
2025-12-21 15:44:41 [[32minfo[39m]: 	[32mStored event 80e9676a-822d-4ca3-883c-4437e523a4f4 with 0 tasks and 0 entities for user login_1766320140022[39m
2025-12-21 15:44:56 [[32minfo[39m]: 	[32mStored event a2f86eb2-39d6-4e2e-b12f-4b2bfb3495ac with 0 tasks and 0 entities for user login_1766320140022[39m
2025-12-21 16:09:53 [[32minfo[39m]: 	[32mStored event 3f327e8e-fa73-404c-a53a-d4069294eac9 with 0 tasks and 0 entities for user login_1766320140022[39m
2025-12-21 16:10:33 [[32minfo[39m]: 	[32mStored event 0a5836cc-19c2-46fc-8773-3cc2bb872281 with 0 tasks and 0 entities for user login_1766320140022[39m
2025-12-21 16:10:50 [[32minfo[39m]: 	[32mStored event 877d4de2-4e4e-4213-a8cc-2b7ba52ba75b with 0 tasks and 0 entities for user login_1766320140022[39m
2025-12-21 16:10:56 [[32minfo[39m]: 	[32mStored event 593f6053-eae6-4acb-aa5e-f8c20e7d729f with 0 tasks and 0 entities for user login_1766320140022[39m
2025-12-21 16:11:35 [[32minfo[39m]: 	[32mStored event 594e2416-aa9c-4241-ba43-014c6a1e0048 with 0 tasks and 0 entities for user login_1766320140022[39m
2025-12-21 16:14:51 [[32minfo[39m]: 	[32mStored event b8d4882b-030c-4c72-8920-bdc6eaa90412 with 0 tasks and 0 entities for user login_1766320140022[39m
2025-12-21 16:15:58 [[32minfo[39m]: 	[32mStored event f2388f38-d38f-45ff-947f-9f0bd329cc17 with 0 tasks and 0 entities for user login_1766320140022[39m
2025-12-21 16:15:59 [[32minfo[39m]: 	[32mStored event 70600654-91b4-47de-9067-5de7d35145be with 0 tasks and 0 entities for user login_1766320140022[39m
2025-12-21 16:16:03 [[32minfo[39m]: 	[32mStored event 6c88e324-58f3-4750-b8cc-f0194b5f5ede with 0 tasks and 0 entities for user login_1766320140022[39m
2025-12-21 16:16:52 [[32minfo[39m]: 	[32mStored event 15ba61c6-32ec-486b-91cf-ea16622b0ccc with 0 tasks and 0 entities for user login_1766320140022[39m
2025-12-21 16:16:55 [[32minfo[39m]: 	[32mStored event 4c677a41-a424-4c80-9707-226f13e730d1 with 0 tasks and 0 entities for user login_1766320140022[39m
2025-12-21 16:16:55 [[32minfo[39m]: 	[32mStored event ad05bf06-cdfb-4201-9239-e1d9adf35b62 with 0 tasks and 0 entities for user login_1766320140022[39m
2025-12-21 16:29:41 [[32minfo[39m]: 	[32mStored event fe4e96ec-008e-4d61-9bee-2765c6529848 with 0 tasks and 0 entities for user login_1766320140022[39m
2025-12-21 16:32:25 [[32minfo[39m]: 	[32mStored event 7b9d430b-f43b-4f5d-a346-cb69c0a8e05b with 0 tasks and 0 entities for user login_1766320140022[39m
2025-12-21 16:32:40 [[32minfo[39m]: 	[32mStored event bad6d1ee-40df-4e6f-b840-93a4842359a6 with 0 tasks and 0 entities for user login_1766320140022[39m
2025-12-21 16:32:43 [[32minfo[39m]: 	[32mStored event f4f44086-10cc-4529-b747-c0b15bba8548 with 0 tasks and 0 entities for user login_1766320140022[39m
2025-12-21 16:56:55 [[32minfo[39m]: 	[32mStored event 0025f000-7403-4e1d-afd2-c430bbf1ebaf with 0 tasks and 0 entities for user login_1766320140022[39m
2025-12-21 16:57:00 [[32minfo[39m]: 	[32mStored event abada199-94a8-42f7-9ed7-7ea7c60483a6 with 0 tasks and 0 entities for user login_1766320140022[39m
2025-12-21 16:58:17 [[32minfo[39m]: 	[32mStored event 021011de-7e4a-4100-8bff-774b0a3110be with 0 tasks and 0 entities for user login_1766320140022[39m
2025-12-21 16:59:05 [[32minfo[39m]: 	[32mStored event a9f08263-cb99-4461-8b69-bf19e8893eee with 0 tasks and 0 entities for user login_1766320140022[39m
2025-12-21 16:59:55 [[32minfo[39m]: 	[32mStored event d072a680-5e2a-4557-8159-397501ad4a75 with 0 tasks and 0 entities for user login_1766320140022[39m
2025-12-21 16:59:59 [[32minfo[39m]: 	[32mStored event 5c39ee57-10f9-4255-8570-e86cb7be9ebd with 0 tasks and 0 entities for user login_1766320140022[39m
2025-12-21 17:07:01 [[32minfo[39m]: 	[32mStored event 838771a5-3ccc-41a8-a70a-fb7e0f0b369f with 0 tasks and 0 entities for user login_1766320140022[39m
2025-12-21 17:07:25 [[32minfo[39m]: 	[32mStored event 2b69315b-4ba2-43ee-b66f-c67963150efb with 0 tasks and 0 entities for user login_1766320140022[39m
2025-12-21 17:08:00 [[32minfo[39m]: 	[32mStored event 6fca373e-9dc4-48c5-afa9-d2a13e96a531 with 0 tasks and 0 entities for user login_1766320140022[39m
2025-12-21 17:08:48 [[32minfo[39m]: 	[32mStored event 73e54faf-0d37-4d46-942b-97b277511d57 with 0 tasks and 0 entities for user login_1766320140022[39m
2025-12-21 17:08:54 [[32minfo[39m]: 	[32mStored event e6fe098a-32bf-417f-9a26-22267a385a65 with 0 tasks and 0 entities for user login_1766320140022[39m
2025-12-21 17:09:01 [[32minfo[39m]: 	[32mStored event 18d8190b-4e12-42d5-9034-7c45bbb08dd6 with 0 tasks and 0 entities for user login_1766320140022[39m
2025-12-21 17:15:47 [[32minfo[39m]: 	[32mStored event 56cc4cee-d6b5-43d3-9eca-6f48df2c32cc with 0 tasks and 0 entities for user login_1766320140022[39m
2025-12-21 17:15:50 [[32minfo[39m]: 	[32mStored event 68e75d61-1021-46ac-9e1e-1ed662d68b4d with 0 tasks and 0 entities for user login_1766320140022[39m
2025-12-21 17:17:28 [[32minfo[39m]: 	[32mStored event 771d94ea-193d-4ca4-a553-4a2dd996557f with 0 tasks and 0 entities for user login_1766320140022[39m
2025-12-21 17:25:23 [[32minfo[39m]: 	[32mStored event 30ea4eac-0e91-499c-a323-d559b6c9aca2 with 0 tasks and 0 entities for user login_1766320140022[39m
2025-12-21 17:57:39 [[32minfo[39m]: 	[32mStored event aa788179-85bc-428c-8399-f833ead92ad0 with 0 tasks and 0 entities for user login_1766320140022[39m
2025-12-21 17:59:42 [[32minfo[39m]: 	[32mStored event 8098781a-a153-4a79-84c8-2b45bb5d9cd6 with 0 tasks and 0 entities for user login_1766320140022[39m
2025-12-21 18:02:06 [[32minfo[39m]: 	[32mStored event 0f82f121-ccee-4621-ba41-96de8c355635 with 0 tasks and 0 entities for user login_1766320140022[39m
2025-12-21 18:02:10 [[32minfo[39m]: 	[32mStored event 5fce821a-fc9c-483b-81f1-7839a54ba20f with 0 tasks and 0 entities for user login_1766320140022[39m
2025-12-21 18:04:21 [[32minfo[39m]: 	[32mStored event 345694d9-a540-4301-8f25-2ee9028981ab with 0 tasks and 0 entities for user login_1766320140022[39m
2025-12-21 18:04:50 [[32minfo[39m]: 	[32mStored event bf83755a-815b-4ffc-959c-023bd6acc9fc with 0 tasks and 0 entities for user login_1766320140022[39m
2025-12-21 18:04:56 [[32minfo[39m]: 	[32mStored event be9b7a91-5a15-4c4f-9e3f-a711f1c36a33 with 0 tasks and 0 entities for user login_1766320140022[39m
2025-12-21 18:05:06 [[32minfo[39m]: 	[32mStored event 8d9ab035-ece7-4f13-b4bf-81238ef4efae with 0 tasks and 0 entities for user login_1766320140022[39m
2025-12-21 18:20:05 [[32minfo[39m]: 	[32mStored event ba61ee4e-410f-4a64-b715-c85fdddace7b with 0 tasks and 0 entities for user login_1766320140022[39m
2025-12-21 18:20:21 [[32minfo[39m]: 	[32mStored event 74103130-ea91-441a-8695-3075cb017cab with 0 tasks and 0 entities for user login_1766320140022[39m
2025-12-21 18:21:27 [[32minfo[39m]: 	[32mStored event 12266daf-5b24-4a7e-8511-0d08076a9830 with 0 tasks and 0 entities for user login_1766320140022[39m
2025-12-21 18:26:06 [[32minfo[39m]: 	[32mStored event c6fb6b63-6008-4c4f-a9cf-53d6f6684929 with 0 tasks and 0 entities for user login_1766320140022[39m
2025-12-22 12:36:46 [[32minfo[39m]: 	[32mStored event 3195b3ba-934d-4339-9613-ef94c4955f86 with 0 tasks and 0 entities for user login_1766320140022[39m
2025-12-22 12:37:09 [[32minfo[39m]: 	[32mStored event edfa2fc5-4131-4510-9d64-6e5c1ef1f382 with 0 tasks and 0 entities for user login_1766320140022[39m
2025-12-22 12:37:20 [[32minfo[39m]: 	[32mStored event cfb766e1-25cd-468a-a17c-bee191257d73 with 0 tasks and 0 entities for user login_1766320140022[39m
2025-12-22 12:38:29 [[32minfo[39m]: 	[32mStored event 752386f7-b621-4a0e-8b03-47034e227ea8 with 0 tasks and 0 entities for user login_1766320140022[39m
2025-12-22 12:38:35 [[32minfo[39m]: 	[32mStored event 244c8aed-9fd0-4ebf-b0e0-1395bfabfccf with 0 tasks and 0 entities for user login_1766320140022[39m
2025-12-22 12:38:59 [[32minfo[39m]: 	[32mStored event 5c38b129-7d53-4e2e-9d39-3fe2d482f7f7 with 0 tasks and 0 entities for user login_1766320140022[39m
2025-12-22 12:39:34 [[32minfo[39m]: 	[32mStored event a8d0d75b-d221-473f-8518-1e3cab9f3584 with 0 tasks and 0 entities for user login_1766320140022[39m
2025-12-22 12:39:56 [[32minfo[39m]: 	[32mStored event 5db03ad0-47aa-4e34-9df5-608016077dcd with 0 tasks and 0 entities for user login_1766320140022[39m
2025-12-22 12:40:51 [[32minfo[39m]: 	[32mStored event 43172fe4-01f9-4076-8c5b-d0ed82925584 with 0 tasks and 0 entities for user login_1766320140022[39m
2025-12-22 12:41:23 [[32minfo[39m]: 	[32mStored event a27ab534-0968-4717-83e7-9035908af676 with 0 tasks and 0 entities for user login_1766320140022[39m
2025-12-22 12:41:27 [[32minfo[39m]: 	[32mStored event 827eaaca-7541-48c1-a3f7-2c776e858924 with 0 tasks and 0 entities for user login_1766320140022[39m
2025-12-22 12:41:32 [[32minfo[39m]: 	[32mStored event 9b20af15-c0f9-422b-82cf-f3efd6681e27 with 0 tasks and 0 entities for user login_1766320140022[39m
2025-12-22 12:47:10 [[32minfo[39m]: 	[32mStored event d1400606-becc-4c96-bbaa-5971875e0e47 with 0 tasks and 0 entities for user login_1766320140022[39m
2025-12-22 12:47:10 [[32minfo[39m]: 	[32mStored event 83a0e818-df99-499f-99c6-9de83d2db268 with 0 tasks and 0 entities for user login_1766320140022[39m
2025-12-22 12:47:59 [[32minfo[39m]: 	[32mStored event ea7bf541-f167-4ba7-b59a-f691862a67d6 with 0 tasks and 0 entities for user login_1766320140022[39m
2025-12-22 12:48:58 [[32minfo[39m]: 	[32mStored event 7a14bd4b-a144-45a5-bbdf-69668ba166cc with 0 tasks and 0 entities for user login_1766320140022[39m
2025-12-22 12:49:41 [[32minfo[39m]: 	[32mStored event 62aece34-6221-4658-9d53-c1314602a23a with 0 tasks and 0 entities for user login_1766320140022[39m
2025-12-22 12:50:02 [[32minfo[39m]: 	[32mStored event 989666f7-af06-4f57-b612-727928d59e32 with 0 tasks and 0 entities for user login_1766320140022[39m
2025-12-22 12:51:12 [[32minfo[39m]: 	[32mStored event c6a6b621-eb19-4202-a3f9-0d000710a566 with 0 tasks and 0 entities for user login_1766320140022[39m
2025-12-22 12:51:55 [[32minfo[39m]: 	[32mStored event 41c7b6b3-a52e-4f88-b78b-26e1417a55f3 with 0 tasks and 0 entities for user login_1766320140022[39m
2025-12-22 12:52:40 [[32minfo[39m]: 	[32mStored event d45473f1-61a7-4f16-a4a1-41ac8e8f4b51 with 0 tasks and 0 entities for user login_1766320140022[39m
2025-12-22 12:52:45 [[32minfo[39m]: 	[32mStored event baa56cee-3ea6-4805-b6a5-79102c8030ea with 0 tasks and 0 entities for user login_1766320140022[39m
2025-12-22 12:55:21 [[32minfo[39m]: 	[32mStored event 1d80ea5c-6e5d-4fed-993e-102d78b54eed with 0 tasks and 0 entities for user login_1766320140022[39m
2025-12-22 12:55:56 [[32minfo[39m]: 	[32mStored event 32f27cd9-f54e-4d5f-aa5d-730de0a9cbf8 with 0 tasks and 0 entities for user login_1766320140022[39m
2025-12-22 12:56:03 [[32minfo[39m]: 	[32mStored event fe618a69-d20a-4cfe-82fc-e5b451a4a4cd with 0 tasks and 0 entities for user login_1766320140022[39m
2025-12-22 12:56:14 [[32minfo[39m]: 	[32mStored event 8522067f-e3ad-4e25-bf5d-92d2d8fdeaeb with 0 tasks and 0 entities for user login_1766320140022[39m
2025-12-22 12:58:32 [[32minfo[39m]: 	[32mStored event 896531e3-e179-406f-91b8-1858c867960e with 0 tasks and 0 entities for user login_1766320140022[39m
2025-12-22 12:58:42 [[32minfo[39m]: 	[32mStored event 2d7da96f-4b3a-49ff-88d5-0351ed5c9631 with 0 tasks and 0 entities for user login_1766320140022[39m
2025-12-22 12:58:59 [[32minfo[39m]: 	[32mStored event df3336b9-6a36-4080-8047-3cf157ad60da with 0 tasks and 0 entities for user login_1766320140022[39m
2025-12-22 13:04:32 [[32minfo[39m]: 	[32mStored event 7222211f-3c62-4df5-8bb8-c91f43ecf218 with 0 tasks and 0 entities for user login_1766320140022[39m
2025-12-22 13:05:36 [[32minfo[39m]: 	[32mStored event 873b3a34-37ed-4087-87cf-2b7b67233043 with 0 tasks and 0 entities for user login_1766320140022[39m
2025-12-22 13:05:59 [[32minfo[39m]: 	[32mStored event 6f1b0bb0-4022-4efa-975c-6b98f64e1f26 with 0 tasks and 0 entities for user login_1766320140022[39m
2025-12-22 13:06:33 [[32minfo[39m]: 	[32mStored event d7ab121b-2fee-43d2-8efb-e75617ba944f with 0 tasks and 0 entities for user login_1766320140022[39m
2025-12-22 13:10:23 [[32minfo[39m]: 	[32mStored event 415f666a-7629-4b2a-832a-351a45fff06f with 0 tasks and 0 entities for user login_1766320140022[39m
2025-12-22 13:14:41 [[32minfo[39m]: 	[32mStored event 8d23b90b-8c04-40c2-ac36-1e89147d7d0b with 0 tasks and 0 entities for user login_1766320140022[39m
2025-12-22 13:16:00 [[32minfo[39m]: 	[32mStored event 28f15380-1ef6-4cdc-8d99-229f0787611e with 0 tasks and 0 entities for user login_1766320140022[39m
2025-12-22 13:16:45 [[32minfo[39m]: 	[32mStored event 63d0c460-f3b4-4460-b466-df9475ed4187 with 0 tasks and 0 entities for user login_1766320140022[39m
2025-12-22 13:16:49 [[32minfo[39m]: 	[32mStored event 1cc6aba9-fcfa-4d4d-9dde-4d307e198715 with 0 tasks and 0 entities for user login_1766320140022[39m
2025-12-22 13:23:56 [[32minfo[39m]: 	[32mStored event 47623aa8-23ce-4106-9a1b-879bda83c511 with 0 tasks and 0 entities for user login_1766320140022[39m
2025-12-22 13:25:40 [[32minfo[39m]: 	[32mStored event 0a956b15-014b-4854-bb45-3354f381ac99 with 0 tasks and 0 entities for user login_1766320140022[39m
2025-12-22 13:25:44 [[32minfo[39m]: 	[32mStored event 8ea5da2f-9dad-49ab-a88d-2e1bfeebab63 with 0 tasks and 0 entities for user login_1766320140022[39m
2025-12-22 13:34:58 [[32minfo[39m]: 	[32mStored event b499607c-afaa-42d9-b46e-823ad7eef53f with 0 tasks and 0 entities for user login_1766320140022[39m
2025-12-22 13:36:07 [[32minfo[39m]: 	[32mStored event d460b0a0-cb35-49ef-84ef-f571a432e1fb with 0 tasks and 0 entities for user login_1766320140022[39m
2025-12-22 13:36:53 [[32minfo[39m]: 	[32mStored event f3b8e2ab-10e1-4a31-b93a-b7caa30920a5 with 0 tasks and 0 entities for user login_1766320140022[39m
2025-12-22 13:48:52 [[32minfo[39m]: 	[32mStored event 20162ef6-a27c-4da1-ac1d-6bd2a15906f7 with 0 tasks and 0 entities for user login_1766320140022[39m
2025-12-22 13:49:58 [[32minfo[39m]: 	[32mStored event 9f05c9f8-3f7e-4e8b-af47-bddbe34d4e82 with 0 tasks and 0 entities for user login_1766320140022[39m
2025-12-22 13:52:04 [[32minfo[39m]: 	[32mStored event 2ed82b57-845a-4aa2-8b87-619345b28a38 with 0 tasks and 0 entities for user login_1766320140022[39m
2025-12-22 13:52:41 [[32minfo[39m]: 	[32mStored event 8712d9d6-7b66-400f-8c53-9a42c00c1213 with 0 tasks and 0 entities for user login_1766320140022[39m
2025-12-22 14:03:27 [[32minfo[39m]: 	[32mStored event c3e3297a-f4df-4e51-95bf-3912d7111638 with 0 tasks and 0 entities for user login_1766320140022[39m
2025-12-22 14:03:31 [[32minfo[39m]: 	[32mStored event 97a7831e-e844-48b5-8e9a-0113f4f772b4 with 0 tasks and 0 entities for user login_1766320140022[39m
2025-12-22 14:03:44 [[32minfo[39m]: 	[32mStored event 4e8d6298-e0cd-4ab8-8c72-f9c1f65a163e with 0 tasks and 0 entities for user login_1766320140022[39m
2025-12-22 14:08:20 [[32minfo[39m]: 	[32mStored event bca34d7c-4038-48fc-950c-bd1ff01ea45a with 0 tasks and 0 entities for user login_1766320140022[39m
2025-12-22 14:11:27 [[32minfo[39m]: 	[32mStored event c4ee7964-1655-4a2f-bc78-471a4d972448 with 0 tasks and 0 entities for user login_1766320140022[39m
2025-12-22 14:18:29 [[32minfo[39m]: 	[32mStored event cf9a38ad-63b5-4642-88f1-5535d4fd12de with 0 tasks and 0 entities for user login_1766320140022[39m
2025-12-22 14:21:12 [[32minfo[39m]: 	[32mStored event 34b6efde-33ed-4ad1-94e1-1d0924014dca with 0 tasks and 0 entities for user login_1766320140022[39m
2025-12-22 14:23:03 [[32minfo[39m]: 	[32mStored event c57c31cc-6c32-4970-b6d9-d6295de3d937 with 0 tasks and 0 entities for user login_1766320140022[39m
2025-12-22 14:29:11 [[32minfo[39m]: 	[32mStored event 6dad1d21-22c3-45c6-af3b-dffb206a452e with 0 tasks and 0 entities for user login_1766320140022[39m
2025-12-22 14:37:12 [[32minfo[39m]: 	[32mStored event 7f76077e-3336-418d-aab3-9f8f2974ada7 with 0 tasks and 0 entities for user login_1766320140022[39m
2025-12-22 14:38:26 [[32minfo[39m]: 	[32mStored event 261261ca-2920-4ebf-9a62-143023142034 with 0 tasks and 0 entities for user login_1766320140022[39m
2025-12-22 14:50:25 [[32minfo[39m]: 	[32mStored event 545e3caf-1d4f-40a9-b7d7-fb851161143e with 0 tasks and 0 entities for user login_1766320140022[39m
2025-12-22 14:51:51 [[32minfo[39m]: 	[32mStored event f62431d6-926d-4dfe-b40e-1164cada9dc7 with 0 tasks and 0 entities for user login_1766320140022[39m
2025-12-22 14:53:31 [[32minfo[39m]: 	[32mStored event 78db80d9-afbc-4511-bb4c-a0c8e97a11f0 with 0 tasks and 0 entities for user login_1766320140022[39m
2025-12-22 14:54:08 [[32minfo[39m]: 	[32mStored event c28efc47-7548-4a9d-8949-3c77644f15b7 with 0 tasks and 0 entities for user login_1766320140022[39m
2025-12-22 15:00:15 [[32minfo[39m]: 	[32mStored event 24918e0f-b8f4-4217-a766-f6a961c7db98 with 0 tasks and 0 entities for user login_1766320140022[39m
2025-12-22 15:01:07 [[32minfo[39m]: 	[32mStored event 6aa94ca6-5a93-4d4e-af5c-da6f8d971162 with 0 tasks and 0 entities for user login_1766320140022[39m
2025-12-22 15:03:42 [[32minfo[39m]: 	[32mStored event 27b29d54-7c2f-448d-872f-e603626f10fe with 0 tasks and 0 entities for user login_1766320140022[39m
2025-12-22 15:09:19 [[32minfo[39m]: 	[32mStored event e67cd84e-75b0-458a-a021-9c88138b81c1 with 0 tasks and 0 entities for user login_1766320140022[39m
2025-12-22 15:12:40 [[32minfo[39m]: 	[32mStored event a266675d-7389-4ecd-a2c3-2d6506578f04 with 0 tasks and 0 entities for user login_1766320140022[39m
2025-12-22 15:19:29 [[32minfo[39m]: 	[32mStored event 33dd85d5-f607-4f8a-aa23-c2bca65813fd with 0 tasks and 0 entities for user login_1766320140022[39m
2025-12-22 15:20:14 [[32minfo[39m]: 	[32mStored event ff8c880c-152e-47c5-8929-802a38004f8a with 0 tasks and 0 entities for user login_1766320140022[39m
2025-12-22 15:20:59 [[32minfo[39m]: 	[32mStored event 8f08ea68-d9a4-4e65-829e-74f0382e9d27 with 0 tasks and 0 entities for user login_1766320140022[39m
2025-12-22 15:22:46 [[32minfo[39m]: 	[32mStored event c7aeb92a-ed7b-46fe-84af-1537e6343624 with 0 tasks and 0 entities for user login_1766320140022[39m
2025-12-22 15:22:49 [[32minfo[39m]: 	[32mStored event b325b2ab-7350-4d1f-9d73-e51fe528bd29 with 0 tasks and 0 entities for user login_1766320140022[39m
2025-12-22 15:28:06 [[32minfo[39m]: 	[32mStored event 8d296e04-a20f-4b02-8624-f81fea81b0f3 with 0 tasks and 0 entities for user login_1766320140022[39m
2025-12-22 15:32:37 [[32minfo[39m]: 	[32mStored event ff907811-b97c-4c75-8cf9-af7243262dec with 0 tasks and 0 entities for user login_1766320140022[39m
2025-12-22 15:32:39 [[32minfo[39m]: 	[32mStored event 8bd3b83e-3d0a-4b18-93a7-a2cc7dc72817 with 0 tasks and 0 entities for user login_1766320140022[39m
2025-12-22 15:33:14 [[32minfo[39m]: 	[32mStored event 3360444f-1bda-43fc-ad2e-7e0c14e93842 with 0 tasks and 0 entities for user login_1766320140022[39m
2025-12-22 15:42:32 [[32minfo[39m]: 	[32mStored event 43063b1e-af93-4405-a6ee-4190341e1060 with 0 tasks and 0 entities for user login_1766320140022[39m
2025-12-22 15:42:42 [[32minfo[39m]: 	[32mStored event dfa11d64-d0ea-47b6-8338-583a0496cadc with 0 tasks and 0 entities for user login_1766320140022[39m
2025-12-22 15:43:08 [[32minfo[39m]: 	[32mStored event 539a99fd-d607-4616-8954-5c90c3b90040 with 0 tasks and 0 entities for user login_1766320140022[39m
2025-12-22 15:43:12 [[32minfo[39m]: 	[32mStored event 2e92d741-4379-44ae-82a8-70d8eddb952d with 0 tasks and 0 entities for user login_1766320140022[39m
2025-12-22 15:43:18 [[32minfo[39m]: 	[32mStored event cc3e3cc5-bc27-4210-92f6-81fcaa78e52b with 0 tasks and 0 entities for user login_1766320140022[39m
2025-12-22 15:52:59 [[32minfo[39m]: 	[32mStored event 07646a7c-7fc5-4dc1-8e6b-8a0600b1ac06 with 0 tasks and 0 entities for user login_1766320140022[39m
2025-12-22 15:55:35 [[32minfo[39m]: 	[32mStored event 6cddd1d4-6b94-43e0-ad39-f902f7f25c7b with 0 tasks and 0 entities for user login_1766320140022[39m
2025-12-22 17:36:45 [[32minfo[39m]: 	[32mStored event e6b41a0d-72df-4c88-82c6-2cda4dfc0938 with 0 tasks and 0 entities for user login_1766320140022[39m
2025-12-22 17:36:54 [[32minfo[39m]: 	[32mStored event f0ee80cf-004a-4a90-9ec6-e43808779c9e with 0 tasks and 0 entities for user login_1766320140022[39m
2025-12-22 17:36:57 [[32minfo[39m]: 	[32mStored event b2ec3e1d-5bfd-4f01-b03e-fef2881e895b with 0 tasks and 0 entities for user login_1766320140022[39m
2025-12-22 17:37:28 [[32minfo[39m]: 	[32mStored event 9ddcf363-8f5f-4292-8930-0b4994994529 with 0 tasks and 0 entities for user login_1766320140022[39m
2025-12-22 17:38:26 [[32minfo[39m]: 	[32mStored event fe2ae208-caf4-4481-9d2a-3f12caf0ecc2 with 0 tasks and 0 entities for user login_1766320140022[39m
2025-12-22 17:38:30 [[32minfo[39m]: 	[32mStored event 655cdd89-2be6-4979-8807-e0dd7b1bd965 with 0 tasks and 0 entities for user login_1766320140022[39m
2025-12-22 17:39:05 [[32minfo[39m]: 	[32mStored event 5381a258-3736-43eb-9f75-0c5e70eb9342 with 0 tasks and 0 entities for user login_1766320140022[39m
2025-12-22 18:05:48 [[32minfo[39m]: 	[32mStored event d6629d79-438f-4bd7-a3ed-ff92bc3ae853 with 0 tasks and 0 entities for user login_1766320140022[39m
2025-12-22 18:10:42 [[32minfo[39m]: 	[32mStored event db2e3ba2-2d50-4bc6-92b6-ff3e3d310a6b with 0 tasks and 0 entities for user login_1766320140022[39m
2025-12-22 18:13:29 [[32minfo[39m]: 	[32mStored event b6d4b99c-fb1f-4858-adb6-e650422cf78f with 0 tasks and 0 entities for user login_1766320140022[39m
2025-12-22 18:13:53 [[32minfo[39m]: 	[32mStored event ac1fd033-49f8-4c07-ba75-2f0bea45656b with 0 tasks and 0 entities for user login_1766320140022[39m
2025-12-24 09:12:00 [[32minfo[39m]: 	[32mStored event 931c64b4-fafd-4b91-a281-c6f898993824 with 0 tasks and 0 entities for user login_1766320140022[39m
2025-12-24 13:25:07 [[32minfo[39m]: 	[32mStored event 9e9d256d-6b99-4bf0-91c9-aad57c63dd6c with 0 tasks and 0 entities for user login_1766320140022[39m
2025-12-24 13:26:01 [[32minfo[39m]: 	[32mStored event cec5623a-0f05-469d-a24a-6c92444a34a4 with 0 tasks and 0 entities for user login_1766320140022[39m
2025-12-24 13:26:11 [[32minfo[39m]: 	[32mStored event 6d4f0882-6b65-4670-9f1e-233192dd3474 with 0 tasks and 0 entities for user login_1766320140022[39m
2025-12-24 13:26:54 [[32minfo[39m]: 	[32mStored event f1d92908-5adc-4d02-84df-4b7dac672cd7 with 0 tasks and 0 entities for user login_1766320140022[39m
2025-12-24 13:26:58 [[32minfo[39m]: 	[32mStored event 1dc813fb-8a3f-4c4d-83bd-375df47d252f with 0 tasks and 0 entities for user login_1766579153763[39m
2025-12-24 13:29:44 [[32minfo[39m]: 	[32mStored event e736170b-cb35-4b5c-865c-18e203369ee6 with 0 tasks and 0 entities for user login_1766579153763[39m
2025-12-24 13:29:49 [[32minfo[39m]: 	[32mStored event bbfa8347-03fd-413c-a98e-08c96e74e7cd with 0 tasks and 0 entities for user login_1766579153763[39m
2025-12-24 13:29:53 [[32minfo[39m]: 	[32mStored event 4c08150d-309c-47ba-80d3-372603c53cec with 0 tasks and 0 entities for user login_1766579153763[39m
2025-12-24 13:30:00 [[32minfo[39m]: 	[32mStored event 413ce5bc-3433-4db3-bcf3-2ebcd0f8909c with 0 tasks and 0 entities for user login_1766579153763[39m
2025-12-24 13:30:38 [[32minfo[39m]: 	[32mStored event 3cd478a3-ccda-47ea-85fd-fee3a86d44e4 with 0 tasks and 0 entities for user login_1766579153763[39m
2025-12-24 13:35:31 [[32minfo[39m]: 	[32mStored event 8dc69101-e4ad-458c-b661-38209897eef0 with 0 tasks and 0 entities for user login_1766579153763[39m
2025-12-24 13:38:45 [[32minfo[39m]: 	[32mStored event 4fc1343f-d0eb-4ddc-9e13-7e13b3ee7303 with 0 tasks and 0 entities for user login_1766579153763[39m
2025-12-24 13:39:20 [[32minfo[39m]: 	[32mStored event 22068288-7517-47f0-a78e-4a10deb92bca with 0 tasks and 0 entities for user login_1766579153763[39m
2025-12-24 17:02:30 [[32minfo[39m]: 	[32mStored event 37fbb349-aab0-4072-af2c-93bf0212c2e8 with 0 tasks and 0 entities for user login_1766579153763[39m
2025-12-24 17:05:00 [[32minfo[39m]: 	[32mStored event ca55d921-e012-4085-a2c2-a72d58336337 with 0 tasks and 0 entities for user login_1766579153763[39m
2025-12-24 17:13:18 [[32minfo[39m]: 	[32mStored event 6e78ab03-b061-40c6-99be-6fbb799ca58b with 0 tasks and 0 entities for user login_1766579153763[39m
2025-12-24 17:13:28 [[32minfo[39m]: 	[32mStored event 3321c6a2-19cf-427e-9426-d6fbe0e7c06f with 0 tasks and 0 entities for user login_1766579153763[39m
2025-12-24 17:13:38 [[32minfo[39m]: 	[32mStored event c2cdbb5c-3848-4a7b-99a5-7ed5af1a7701 with 0 tasks and 0 entities for user login_1766579153763[39m
2025-12-24 17:13:56 [[32minfo[39m]: 	[32mStored event 091dc7b3-abd0-40cb-89b3-5b520d55a793 with 0 tasks and 0 entities for user login_1766579153763[39m
2025-12-24 17:14:24 [[32minfo[39m]: 	[32mStored event 1301a402-8f6c-4d74-9f53-8eefe5fc8243 with 0 tasks and 0 entities for user login_1766592825212[39m
2025-12-24 17:19:34 [[32minfo[39m]: 	[32mStored event 9e9ff017-b59a-42d8-8c69-a80453f70dd3 with 0 tasks and 0 entities for user login_1766592825212[39m
2025-12-24 17:26:02 [[32minfo[39m]: 	[32mStored event de9ae88b-640f-4449-951f-96a96e67d753 with 0 tasks and 0 entities for user login_1766592825212[39m
2025-12-24 17:26:23 [[32minfo[39m]: 	[32mStored event 9ebcd6e5-0b12-4b2f-ace1-560599a9ead6 with 0 tasks and 0 entities for user login_1766592825212[39m
2025-12-24 17:28:25 [[32minfo[39m]: 	[32mStored event f886345b-35c3-4b7a-8713-43622835fbbc with 0 tasks and 0 entities for user login_1766592825212[39m
2025-12-24 17:33:17 [[32minfo[39m]: 	[32mStored event b015f025-761e-48b5-91b4-84363c5f144a with 0 tasks and 0 entities for user login_1766592825212[39m
2025-12-24 17:36:17 [[32minfo[39m]: 	[32mStored event 95c3b804-9990-4575-8884-f7b74b63539c with 0 tasks and 0 entities for user login_1766592825212[39m
2025-12-24 17:37:59 [[32minfo[39m]: 	[32mStored event 292bc985-c56f-4e98-9032-838ef4bdf1c4 with 0 tasks and 0 entities for user login_1766592825212[39m
2025-12-24 17:38:15 [[32minfo[39m]: 	[32mStored event dd93f1ad-c9a0-4282-911b-a9715132ee6e with 0 tasks and 0 entities for user login_1766592825212[39m
2025-12-24 17:38:19 [[32minfo[39m]: 	[32mStored event 6127219b-273e-4d8c-9d27-3d5249f00824 with 0 tasks and 0 entities for user login_1766592825212[39m
2025-12-24 17:38:25 [[32minfo[39m]: 	[32mStored event 14aefa29-f19a-4444-bc58-45e0d6970f0f with 0 tasks and 0 entities for user login_1766592825212[39m
2025-12-24 17:38:39 [[32minfo[39m]: 	[32mStored event c53a96bb-a0bd-4902-a3d4-bc5cb2ec587e with 0 tasks and 0 entities for user login_1766592825212[39m
2025-12-24 17:38:44 [[32minfo[39m]: 	[32mStored event 56d61a1d-0d5c-47bc-b41f-83c344bcd6d6 with 0 tasks and 0 entities for user login_1766594293638[39m
2025-12-24 17:44:30 [[32minfo[39m]: 	[32mStored event 22c99663-b961-43b5-a95e-bbf0de8fc3e1 with 0 tasks and 0 entities for user login_1766594293638[39m
2025-12-24 17:44:34 [[32minfo[39m]: 	[32mStored event b1936e0b-9e32-488d-a27b-711ea183ad12 with 0 tasks and 0 entities for user login_1766594293638[39m
2025-12-24 17:50:26 [[32minfo[39m]: 	[32mStored event 13dedd8d-b533-460d-8c5c-ebdf37f14b4c with 0 tasks and 0 entities for user login_1766594293638[39m
2025-12-24 17:50:38 [[32minfo[39m]: 	[32mStored event ecc289a5-05a2-409a-9bdb-7b268677b5f4 with 0 tasks and 0 entities for user login_1766594293638[39m
2025-12-24 17:53:39 [[32minfo[39m]: 	[32mStored event 9d8e8889-96d5-48c3-a5e3-aea4b55eef07 with 0 tasks and 0 entities for user login_1766594293638[39m
2025-12-24 17:53:49 [[32minfo[39m]: 	[32mStored event 02db6430-6db0-4561-adf8-c77026af8d37 with 0 tasks and 0 entities for user login_1766594293638[39m
2025-12-24 17:54:25 [[32minfo[39m]: 	[32mStored event fa3a671a-91b9-43da-8d21-bca32374bcce with 0 tasks and 0 entities for user login_1766594293638[39m
2025-12-24 17:54:30 [[32minfo[39m]: 	[32mStored event ebed461b-87a4-42fd-b1f4-5174980faef9 with 0 tasks and 0 entities for user login_1766595220808[39m
2025-12-24 17:54:48 [[32minfo[39m]: 	[32mStored event c56c7c68-43e8-4150-8d46-3daeaf57267e with 0 tasks and 0 entities for user login_1766595220808[39m
2025-12-24 17:54:52 [[32minfo[39m]: 	[32mStored event 2f6c2675-59be-4958-8eee-c4eb244913f2 with 0 tasks and 0 entities for user login_1766595220808[39m
2025-12-24 18:00:07 [[32minfo[39m]: 	[32mStored event 0099e992-8414-4c0c-b712-d6ee0eaaee72 with 0 tasks and 0 entities for user login_1766595220808[39m
2025-12-25 01:23:29 [[32minfo[39m]: 	[32mStored event cbc6dafd-a0b3-439d-a68d-e8d4bbac69fa with 0 tasks and 0 entities for user login_1766595220808[39m
2025-12-25 01:23:29 [[32minfo[39m]: 	[32mStored event e60edab0-43d3-4f23-b9bf-27c3b875111b with 0 tasks and 0 entities for user login_1766595220808[39m
2025-12-25 01:24:33 [[32minfo[39m]: 	[32mStored event 33c52559-2db2-479c-9b51-593fde2e11e6 with 0 tasks and 0 entities for user login_1766595220808[39m
2025-12-25 01:25:16 [[32minfo[39m]: 	[32mStored event a5c08185-7acf-4c83-8e1f-eadc0f0aa73a with 0 tasks and 0 entities for user login_1766595220808[39m
2025-12-25 01:25:17 [[32minfo[39m]: 	[32mStored event 52565ab8-ed99-4e10-b190-ca51bcc0038a with 0 tasks and 0 entities for user login_1766595220808[39m
2025-12-25 01:27:21 [[32minfo[39m]: 	[32mStored event 92a5def1-bbb3-4c5a-9f94-0e733151caef with 0 tasks and 0 entities for user login_1766595220808[39m
2025-12-25 01:29:41 [[32minfo[39m]: 	[32mStored event ced51ddd-1e12-469f-971d-615c3eed1df0 with 0 tasks and 0 entities for user login_1766595220808[39m
2025-12-25 01:31:25 [[32minfo[39m]: 	[32mStored event d1e9d0e6-9bf4-4654-9894-567102bb323a with 0 tasks and 0 entities for user login_1766595220808[39m
2025-12-25 01:31:27 [[32minfo[39m]: 	[32mStored event 69b94a92-8880-4c2a-8659-ae9b3f5d149f with 0 tasks and 0 entities for user login_1766595220808[39m
2025-12-25 01:31:36 [[32minfo[39m]: 	[32mStored event 82063532-09da-4c93-a1b3-a8d3b8de3c0e with 0 tasks and 0 entities for user login_1766595220808[39m
2025-12-25 01:31:43 [[32minfo[39m]: 	[32mStored event 9b2fa639-94e1-42bb-a6f5-4ef40d319406 with 0 tasks and 0 entities for user login_1766595220808[39m
2025-12-25 01:31:49 [[32minfo[39m]: 	[32mStored event 5ebfb172-5351-478b-9134-535e812d25bd with 0 tasks and 0 entities for user login_1766579153763[39m
2025-12-25 01:31:53 [[32minfo[39m]: 	[32mStored event 462e4478-53e3-4b51-924a-aeb0af119d1a with 0 tasks and 0 entities for user login_1766579153763[39m
2025-12-25 01:32:01 [[32minfo[39m]: 	[32mStored event 97703f07-8528-43eb-ae2c-97c4f236b26f with 0 tasks and 0 entities for user login_1766579153763[39m
2025-12-25 01:32:20 [[32minfo[39m]: 	[32mStored event 37d25412-00ec-40fd-8e95-d97d64a660f3 with 0 tasks and 0 entities for user login_1766579153763[39m
2025-12-25 01:32:41 [[32minfo[39m]: 	[32mStored event 016d0d07-5e7f-4a81-acf2-162e75f65277 with 0 tasks and 0 entities for user login_1766579153763[39m
2025-12-25 01:32:42 [[32minfo[39m]: 	[32mStored event 25ddb45c-205c-44fb-a120-14ae39250ca7 with 0 tasks and 0 entities for user login_1766579153763[39m
2025-12-25 01:32:42 [[32minfo[39m]: 	[32mStored event a266d0a7-76db-41f6-b8ab-f67f4f139506 with 0 tasks and 0 entities for user login_1766579153763[39m
2025-12-25 01:32:42 [[32minfo[39m]: 	[32mStored event f4019d3d-8bf6-45f7-aed8-b0f7dbb1aa20 with 0 tasks and 0 entities for user login_1766579153763[39m
2025-12-25 01:34:22 [[32minfo[39m]: 	[32mStored event d632ea5e-684f-4a8a-a9d3-a0e5f4ca064d with 0 tasks and 0 entities for user login_1766579153763[39m
2025-12-25 01:34:25 [[32minfo[39m]: 	[32mStored event e624ef42-e98b-4597-844d-702bdcbeb5e5 with 0 tasks and 0 entities for user login_1766579153763[39m
2025-12-25 01:34:34 [[32minfo[39m]: 	[32mStored event 1da2337b-6143-4a7a-8baa-af1428910c22 with 0 tasks and 0 entities for user login_1766579153763[39m
2025-12-25 01:34:46 [[32minfo[39m]: 	[32mStored event 0606b354-52e3-42a7-82f6-8f70eaaaf936 with 0 tasks and 0 entities for user login_1766579153763[39m
2025-12-25 01:38:40 [[32minfo[39m]: 	[32mStored event dcecb3d6-30da-49d3-907e-01cd234a3694 with 0 tasks and 0 entities for user login_1766579153763[39m
2025-12-25 01:40:10 [[32minfo[39m]: 	[32mStored event b1bee2f8-284c-470f-924f-3eecbe48bee6 with 0 tasks and 0 entities for user login_1766579153763[39m
2025-12-25 01:40:15 [[32minfo[39m]: 	[32mStored event f49a55d6-325f-4f58-9836-292931cb8811 with 0 tasks and 0 entities for user login_1766579153763[39m
2025-12-25 01:40:46 [[32minfo[39m]: 	[32mStored event a4ba5782-1f14-4ceb-9131-d84cfd5f8564 with 0 tasks and 0 entities for user login_1766579153763[39m
2025-12-25 01:41:30 [[32minfo[39m]: 	[32mStored event a8180182-9b54-4264-90ab-a181b43f0260 with 0 tasks and 0 entities for user login_1766579153763[39m
2025-12-25 01:41:51 [[32minfo[39m]: 	[32mStored event ed522197-39cd-4790-b8e2-1348a2c7db0b with 0 tasks and 0 entities for user login_1766579153763[39m
2025-12-25 01:41:57 [[32minfo[39m]: 	[32mStored event 97dbb84b-2ee4-4b56-9d02-de05f6ea899f with 0 tasks and 0 entities for user login_1766579153763[39m
2025-12-25 01:42:06 [[32minfo[39m]: 	[32mStored event 2daddc36-d042-47c4-8f95-df6a8c08920e with 0 tasks and 0 entities for user login_1766579153763[39m
2025-12-25 01:42:16 [[32minfo[39m]: 	[32mStored event 526ebb26-b932-4582-ad5d-5139f0e8e81f with 0 tasks and 0 entities for user login_1766579153763[39m
2025-12-25 01:43:16 [[32minfo[39m]: 	[32mStored event 0305da49-4919-439a-bd45-f2c526542616 with 0 tasks and 0 entities for user login_1766579153763[39m
2025-12-25 01:43:30 [[32minfo[39m]: 	[32mStored event d3e40cd8-e886-4626-b207-a0e22d9cf0bc with 0 tasks and 0 entities for user login_1766579153763[39m
2025-12-25 01:43:35 [[32minfo[39m]: 	[32mStored event 22206f71-826f-411d-a3d7-9ef84490e715 with 0 tasks and 0 entities for user login_1766579153763[39m
2025-12-25 01:46:16 [[32minfo[39m]: 	[32mStored event 6af3c2ff-7e19-40c9-95b1-c850945e6076 with 0 tasks and 0 entities for user login_1766579153763[39m
2025-12-25 01:46:38 [[32minfo[39m]: 	[32mStored event 08787f36-63ec-4aa7-8c86-4c5936b994e8 with 0 tasks and 0 entities for user login_1766579153763[39m
2025-12-25 01:47:13 [[32minfo[39m]: 	[32mStored event d3820400-05d4-4c91-b4f7-06b6b26f80bd with 0 tasks and 0 entities for user login_1766579153763[39m
2025-12-25 01:47:38 [[32minfo[39m]: 	[32mStored event 9f44eb3d-0ebb-4c56-8705-8cb12e8b49f8 with 0 tasks and 0 entities for user login_1766579153763[39m
2025-12-25 01:48:01 [[32minfo[39m]: 	[32mStored event 10f3e9ea-7239-4335-903c-4498f80dc500 with 0 tasks and 0 entities for user login_1766579153763[39m
2025-12-25 01:48:07 [[32minfo[39m]: 	[32mStored event 0509d428-87eb-4ffe-866c-917e719e504f with 0 tasks and 0 entities for user login_1766579153763[39m
2025-12-25 01:48:18 [[32minfo[39m]: 	[32mStored event 85f87ab6-1abf-4f4f-9b30-62be9be83c6d with 0 tasks and 0 entities for user login_1766579153763[39m
2025-12-25 01:48:38 [[32minfo[39m]: 	[32mStored event bda76483-7747-4b9e-8309-af2a60a2c803 with 0 tasks and 0 entities for user login_1766579153763[39m
2025-12-25 01:48:50 [[32minfo[39m]: 	[32mStored event 33507393-4804-4927-ac12-fe586c1ab24e with 0 tasks and 0 entities for user login_1766579153763[39m
2025-12-25 01:48:53 [[32minfo[39m]: 	[32mStored event 836783d7-4b1d-4363-b1ca-2b50a959eaed with 0 tasks and 0 entities for user login_1766579153763[39m
2025-12-25 01:49:04 [[32minfo[39m]: 	[32mStored event 51534e05-bd60-4d7e-93f9-cb14bb12876d with 0 tasks and 0 entities for user login_1766579153763[39m
2025-12-25 01:49:18 [[32minfo[39m]: 	[32mStored event 9a59aab8-6b18-4c01-a901-8c463bddbee7 with 0 tasks and 0 entities for user login_1766579153763[39m
2025-12-25 01:50:33 [[32minfo[39m]: 	[32mStored event fc0f7104-5d80-4319-9e8a-eb3585a6b67d with 0 tasks and 0 entities for user login_1766579153763[39m
2025-12-25 01:55:40 [[32minfo[39m]: 	[32mStored event c83d981c-d504-4438-83db-d0dbf8aa5973 with 0 tasks and 0 entities for user login_1766579153763[39m
2025-12-25 18:56:25 [[32minfo[39m]: 	[32mStored event 3084b87d-5557-4a52-949b-cee564ad4732 with 0 tasks and 0 entities for user login_1766579153763[39m
2025-12-25 18:57:13 [[32minfo[39m]: 	[32mStored event 04bbfd2f-f0dc-4d32-aee4-a4f04be71759 with 0 tasks and 0 entities for user login_1766579153763[39m
2025-12-25 18:57:13 [[32minfo[39m]: 	[32mStored event 39d8e248-40b8-4ab5-a190-50813e7cb662 with 0 tasks and 0 entities for user login_1766579153763[39m
2025-12-25 18:57:21 [[32minfo[39m]: 	[32mStored event afc5652a-00bb-4598-95bd-615c5bfd9529 with 0 tasks and 0 entities for user login_1766579153763[39m
2025-12-25 18:57:30 [[32minfo[39m]: 	[32mStored event 62e3cf98-8ac4-47f0-ae0e-2934c2392184 with 0 tasks and 0 entities for user login_1766579153763[39m
2025-12-25 18:59:24 [[32minfo[39m]: 	[32mStored event 442a2127-de75-475c-a04e-46c91e079c4f with 0 tasks and 0 entities for user login_1766579153763[39m
2025-12-25 18:59:39 [[32minfo[39m]: 	[32mStored event 1881c2ee-428d-4b2a-b919-c37a4e4e5e10 with 0 tasks and 0 entities for user login_1766579153763[39m
2025-12-25 19:00:00 [[32minfo[39m]: 	[32mStored event f8412bfe-428f-4ddf-8715-bd01342899ef with 0 tasks and 0 entities for user login_1766579153763[39m
2025-12-25 19:00:00 [[32minfo[39m]: 	[32mStored event 32a9fe99-a34a-4ed8-b4a7-f48cdf7af0ea with 0 tasks and 0 entities for user login_1766579153763[39m
2025-12-25 19:00:41 [[32minfo[39m]: 	[32mStored event 087e4363-a595-4690-8315-19eaedf513f2 with 0 tasks and 0 entities for user login_1766579153763[39m
2025-12-25 19:00:50 [[32minfo[39m]: 	[32mStored event 91ed8657-877b-4a0f-a604-02d8f6338772 with 0 tasks and 0 entities for user login_1766579153763[39m
2025-12-25 19:01:36 [[32minfo[39m]: 	[32mStored event bbf481a1-aa49-4d87-831b-a9f104749793 with 0 tasks and 0 entities for user login_1766579153763[39m
2025-12-25 19:01:36 [[32minfo[39m]: 	[32mStored event 0a5d088f-4809-40a8-8cd5-87a91029a9a1 with 0 tasks and 0 entities for user login_1766579153763[39m
2025-12-25 19:02:47 [[32minfo[39m]: 	[32mStored event 55595af6-cc59-49a2-8288-5ca2a1c5ce1e with 0 tasks and 0 entities for user login_1766579153763[39m
2025-12-25 19:03:14 [[32minfo[39m]: 	[32mStored event 6884b676-b2f9-4a23-af2c-ff5f4368ef5f with 0 tasks and 0 entities for user login_1766579153763[39m
2025-12-25 19:03:20 [[32minfo[39m]: 	[32mStored event b0fc2160-782b-4501-b19f-a9edb71f462a with 0 tasks and 0 entities for user login_1766579153763[39m
2025-12-25 19:03:27 [[32minfo[39m]: 	[32mStored event 65b898a6-e81f-429a-a6a6-519e92e577df with 0 tasks and 0 entities for user login_1766579153763[39m
2025-12-25 19:03:34 [[32minfo[39m]: 	[32mStored event b3f01b93-cf3c-4435-8a9c-96d0e854265d with 0 tasks and 0 entities for user login_1766579153763[39m
2025-12-25 21:12:13 [[32minfo[39m]: 	[32mStored event 9b990614-286d-45bf-a372-832db6fe21b8 with 0 tasks and 0 entities for user login_1766579153763[39m
2025-12-25 22:02:10 [[32minfo[39m]: 	[32mStored event 049c14f2-0fcb-4cf6-9614-247e0d2bfb73 with 0 tasks and 0 entities for user login_1766579153763[39m
2025-12-25 22:02:45 [[32minfo[39m]: 	[32mStored event 7189b81d-700a-425e-87b9-5dbfab5b62e0 with 0 tasks and 0 entities for user login_1766579153763[39m
2025-12-25 22:02:47 [[32minfo[39m]: 	[32mStored event e6157dce-aa16-452f-90e2-91ec49295c66 with 0 tasks and 0 entities for user login_1766579153763[39m
2025-12-25 22:02:50 [[32minfo[39m]: 	[32mStored event bdb6921c-b9d4-4008-b056-022000c33ec0 with 0 tasks and 0 entities for user login_1766579153763[39m
2025-12-25 22:03:04 [[32minfo[39m]: 	[32mStored event 24a87bf2-0377-400b-a144-acf066484b9c with 0 tasks and 0 entities for user login_1766579153763[39m
2026-01-05 07:41:09 [[32minfo[39m]: 	[32mStored event dd1729e1-a781-4418-abb0-3da710ae44ed with 0 tasks and 0 entities for user login_1766595220808[39m
2026-01-05 07:41:14 [[32minfo[39m]: 	[32mStored event b1473eaf-031f-4bec-93e4-4478e6fbe14b with 0 tasks and 0 entities for user login_1766595220808[39m
2026-01-05 07:42:47 [[32minfo[39m]: 	[32mStored event 99ef06b2-1daf-45d7-bb4a-7447d660cd85 with 0 tasks and 0 entities for user login_1766595220808[39m
2026-01-05 07:42:50 [[32minfo[39m]: 	[32mStored event df309732-775b-43b0-9ece-1ccae97a0128 with 0 tasks and 0 entities for user login_1766595220808[39m
2026-01-05 07:42:53 [[32minfo[39m]: 	[32mStored event 20b19fb5-ab02-4fa1-bc74-73b1d89cfe37 with 0 tasks and 0 entities for user login_1766595220808[39m
2026-01-05 07:43:09 [[32minfo[39m]: 	[32mStored event 620aac09-1640-4fc1-959a-169d484cc05d with 0 tasks and 0 entities for user login_1766595220808[39m
2026-01-05 07:45:23 [[32minfo[39m]: 	[32mStored event 29b24775-2790-4738-8be1-dfc678dcbff5 with 0 tasks and 0 entities for user login_1766595220808[39m
2026-01-05 07:50:21 [[32minfo[39m]: 	[32mStored event 6f8f97a9-c092-4fb0-a0c4-c6fbc092122c with 0 tasks and 0 entities for user login_1766595220808[39m
2026-01-05 07:54:26 [[32minfo[39m]: 	[32mStored event b89dd411-7e81-4026-b20d-93262800c47c with 0 tasks and 0 entities for user login_1766595220808[39m
2026-01-05 07:54:46 [[32minfo[39m]: 	[32mStored event d278a456-690e-44e1-8d89-61a5c2777a66 with 0 tasks and 0 entities for user login_1766595220808[39m
2026-01-05 07:54:53 [[32minfo[39m]: 	[32mStored event a07ca985-8b3f-4fe6-a2e2-09f3727719ca with 0 tasks and 0 entities for user login_1766595220808[39m
2026-01-05 07:56:02 [[32minfo[39m]: 	[32mStored event e476290a-1ce4-48f8-8432-30db04ae471b with 0 tasks and 0 entities for user login_1766595220808[39m
2026-01-05 07:56:07 [[32minfo[39m]: 	[32mStored event 3e5e3f9f-8c71-42e8-9033-97f5b890dfd0 with 0 tasks and 0 entities for user login_1767596080434[39m
2026-01-05 07:59:02 [[32minfo[39m]: 	[32mStored event 424fd538-d864-414f-b111-2f6c254ed3dd with 0 tasks and 0 entities for user login_1767596080434[39m
2026-01-05 07:59:05 [[32minfo[39m]: 	[32mStored event 94c0d4aa-9379-4749-9399-248b49cb6bd3 with 0 tasks and 0 entities for user login_1767596080434[39m
2026-01-05 08:00:01 [[32minfo[39m]: 	[32mStored event 6d293d56-0915-4196-b8f2-59a7ec13dd84 with 0 tasks and 0 entities for user login_1767596080434[39m
2026-01-05 08:06:15 [[32minfo[39m]: 	[32mStored event c484f68b-5815-4ecb-b13a-a64b50ee3b5b with 0 tasks and 0 entities for user login_1767596080434[39m
2026-01-05 08:07:20 [[32minfo[39m]: 	[32mStored event 0ef8b6a6-b597-4fb2-b655-79f5c9bafc94 with 0 tasks and 0 entities for user login_1767596080434[39m
2026-01-05 08:07:50 [[32minfo[39m]: 	[32mStored event ed49038b-5542-40ea-a34b-3d7877ec00c5 with 0 tasks and 0 entities for user login_1767596080434[39m
2026-01-05 08:08:19 [[32minfo[39m]: 	[32mStored event bfcb213a-5163-4fa5-befa-4b5feeb2dbd8 with 0 tasks and 0 entities for user login_1767596080434[39m
2026-01-05 08:08:38 [[32minfo[39m]: 	[32mStored event 9a4f9952-299d-430b-b129-40d6ff9a30ca with 0 tasks and 0 entities for user login_1767596080434[39m
2026-01-05 08:08:44 [[32minfo[39m]: 	[32mStored event fc698c4d-d53c-4e0d-9efe-41b24c27edae with 0 tasks and 0 entities for user login_1767596080434[39m
2026-01-05 08:08:50 [[32minfo[39m]: 	[32mStored event 3f8e70ab-a06e-47f8-ad3e-c4380fe1337c with 0 tasks and 0 entities for user login_1767596080434[39m
2026-01-05 08:08:56 [[32minfo[39m]: 	[32mStored event f0c6c29c-c827-4768-9a5d-f55c51e449d2 with 0 tasks and 0 entities for user login_1767596080434[39m
2026-01-05 08:10:15 [[32minfo[39m]: 	[32mStored event ee4a96a6-7d4c-44a7-8d5e-d36a3c92e486 with 0 tasks and 0 entities for user login_1767596080434[39m
2026-01-05 08:10:30 [[32minfo[39m]: 	[32mStored event 6b829467-bd5e-44d8-b17e-20d9d69c9479 with 0 tasks and 0 entities for user login_1767596080434[39m
